time_s,II,V1,V5
0.0000,0.130,0.123,0.128
0.0020,0.141,0.150,0.165
0.0040,0.176,0.158,0.149
0.0060,0.169,0.163,0.154
0.0080,0.109,0.135,0.142
0.0100,0.088,0.085,0.105
0.0120,0.090,0.069,0.106
0.0140,0.091,0.100,0.076
0.0160,0.118,0.109,0.098
0.0180,0.138,0.152,0.157
0.0200,0.178,0.176,0.177
0.0220,0.175,0.150,0.163
0.0240,0.145,0.127,0.149
0.0260,0.129,0.135,0.124
0.0280,0.100,0.098,0.084
0.0300,0.082,0.087,0.084
0.0320,0.116,0.100,0.114
0.0340,0.129,0.135,0.152
0.0360,0.176,0.151,0.151
0.0380,0.170,0.181,0.168
0.0400,0.153,0.146,0.152
0.0420,0.119,0.140,0.132
0.0440,0.116,0.097,0.101
0.0460,0.091,0.080,0.086
0.0480,0.100,0.100,0.120
0.0500,0.129,0.102,0.127
0.0520,0.167,0.159,0.157
0.0540,0.178,0.171,0.154
0.0560,0.170,0.175,0.156
0.0580,0.144,0.116,0.145
0.0600,0.137,0.125,0.115
0.0620,0.090,0.105,0.103
0.0640,0.095,0.116,0.108
0.0660,0.115,0.125,0.150
0.0680,0.162,0.167,0.146
0.0700,0.187,0.156,0.154
0.0720,0.171,0.181,0.159
0.0740,0.141,0.142,0.142
0.0760,0.112,0.102,0.110
0.0780,0.108,0.087,0.102
0.0800,0.108,0.099,0.114
0.0820,0.124,0.108,0.136
0.0840,0.139,0.152,0.153
0.0860,0.174,0.150,0.197
0.0880,0.179,0.152,0.173
0.0900,0.164,0.178,0.142
0.0920,0.144,0.144,0.146
0.0940,0.110,0.095,0.086
0.0960,0.107,0.099,0.090
0.0980,0.112,0.124,0.118
0.1000,0.143,0.144,0.138
0.1020,0.174,0.169,0.165
0.1040,0.162,0.193,0.165
0.1060,0.167,0.162,0.171
0.1080,0.140,0.146,0.157
0.1100,0.109,0.117,0.117
0.1120,0.098,0.098,0.091
0.1140,0.125,0.102,0.092
0.1160,0.121,0.132,0.122
0.1180,0.172,0.161,0.165
0.1200,0.160,0.167,0.184
0.1220,0.174,0.188,0.169
0.1240,0.159,0.145,0.131
0.1260,0.135,0.125,0.133
0.1280,0.116,0.103,0.096
0.1300,0.116,0.110,0.114
0.1320,0.122,0.099,0.116
0.1340,0.150,0.165,0.143
0.1360,0.191,0.171,0.182
0.1380,0.186,0.200,0.215
0.1400,0.159,0.165,0.181
0.1420,0.134,0.142,0.146
0.1440,0.113,0.141,0.125
0.1460,0.124,0.107,0.092
0.1480,0.135,0.140,0.115
0.1500,0.173,0.155,0.128
0.1520,0.192,0.189,0.210
0.1540,0.217,0.200,0.223
0.1560,0.219,0.203,0.205
0.1580,0.189,0.162,0.180
0.1600,0.177,0.133,0.136
0.1620,0.155,0.125,0.142
0.1640,0.173,0.144,0.177
0.1660,0.205,0.168,0.187
0.1680,0.233,0.213,0.214
0.1700,0.282,0.243,0.224
0.1720,0.278,0.218,0.267
0.1740,0.271,0.204,0.234
0.1760,0.256,0.170,0.190
0.1780,0.242,0.194,0.184
0.1800,0.250,0.175,0.183
0.1820,0.266,0.199,0.219
0.1840,0.296,0.209,0.256
0.1860,0.328,0.251,0.274
0.1880,0.317,0.264,0.297
0.1900,0.305,0.239,0.273
0.1920,0.277,0.227,0.256
0.1940,0.253,0.215,0.212
0.1960,0.258,0.165,0.242
0.1980,0.250,0.174,0.208
0.2000,0.278,0.201,0.227
0.2020,0.318,0.255,0.248
0.2040,0.303,0.257,0.266
0.2060,0.299,0.230,0.233
0.2080,0.244,0.203,0.226
0.2100,0.216,0.160,0.165
0.2120,0.182,0.160,0.168
0.2140,0.186,0.147,0.150
0.2160,0.216,0.168,0.180
0.2180,0.206,0.204,0.215
0.2200,0.243,0.210,0.250
0.2220,0.232,0.204,0.203
0.2240,0.195,0.183,0.188
0.2260,0.150,0.161,0.148
0.2280,0.141,0.147,0.122
0.2300,0.128,0.131,0.119
0.2320,0.153,0.151,0.154
0.2340,0.176,0.166,0.166
0.2360,0.216,0.183,0.221
0.2380,0.198,0.204,0.203
0.2400,0.171,0.182,0.169
0.2420,0.156,0.134,0.147
0.2440,0.129,0.120,0.116
0.2460,0.133,0.114,0.125
0.2480,0.139,0.121,0.108
0.2500,0.160,0.172,0.139
0.2520,0.200,0.188,0.175
0.2540,0.181,0.211,0.203
0.2560,0.178,0.189,0.200
0.2580,0.149,0.161,0.176
0.2600,0.127,0.120,0.138
0.2620,0.099,0.116,0.115
0.2640,0.129,0.121,0.131
0.2660,0.143,0.129,0.131
0.2680,0.157,0.168,0.152
0.2700,0.181,0.190,0.199
0.2720,0.196,0.197,0.180
0.2740,0.180,0.176,0.170
0.2760,0.165,0.134,0.143
0.2780,0.155,0.125,0.123
0.2800,0.123,0.116,0.129
0.2820,0.125,0.103,0.147
0.2840,0.141,0.160,0.169
0.2860,0.193,0.203,0.185
0.2880,0.186,0.176,0.197
0.2900,0.175,0.182,0.173
0.2920,0.144,0.171,0.149
0.2940,0.124,0.117,0.157
0.2960,0.129,0.117,0.118
0.2980,0.130,0.114,0.133
0.3000,0.151,0.177,0.144
0.3020,0.165,0.184,0.188
0.3040,0.164,0.198,0.191
0.3060,0.162,0.205,0.173
0.3080,0.131,0.171,0.128
0.3100,0.113,0.125,0.095
0.3120,0.065,0.112,0.068
0.3140,0.071,0.133,0.050
0.3160,0.074,0.145,0.065
0.3180,0.101,0.160,0.114
0.3200,0.142,0.209,0.136
0.3220,0.182,0.198,0.184
0.3240,0.254,0.226,0.243
0.3260,0.273,0.196,0.296
0.3280,0.379,0.183,0.437
0.3300,0.486,0.210,0.574
0.3320,0.677,0.246,0.783
0.3340,0.862,0.319,1.014
0.3360,1.044,0.403,1.244
0.3380,1.207,0.456,1.436
0.3400,1.316,0.447,1.586
0.3420,1.396,0.422,1.675
0.3440,1.408,0.389,1.704
0.3460,1.384,0.349,1.685
0.3480,1.336,0.349,1.646
0.3500,1.272,0.272,1.502
0.3520,1.167,0.221,1.369
0.3540,0.988,0.092,1.164
0.3560,0.789,-0.108,0.937
0.3580,0.584,-0.286,0.664
0.3600,0.398,-0.480,0.439
0.3620,0.223,-0.638,0.249
0.3640,0.104,-0.752,0.125
0.3660,0.061,-0.766,0.035
0.3680,0.028,-0.810,-0.020
0.3700,0.034,-0.747,-0.025
0.3720,0.013,-0.670,-0.015
0.3740,-0.012,-0.590,-0.046
0.3760,-0.019,-0.490,-0.033
0.3780,0.024,-0.392,-0.020
0.3800,0.052,-0.256,0.008
0.3820,0.073,-0.124,0.094
0.3840,0.121,-0.011,0.112
0.3860,0.183,0.081,0.165
0.3880,0.169,0.143,0.170
0.3900,0.164,0.153,0.179
0.3920,0.159,0.133,0.160
0.3940,0.123,0.104,0.120
0.3960,0.121,0.108,0.120
0.3980,0.132,0.129,0.123
0.4000,0.166,0.164,0.148
0.4020,0.207,0.183,0.202
0.4040,0.203,0.191,0.196
0.4060,0.201,0.179,0.164
0.4080,0.143,0.148,0.189
0.4100,0.139,0.136,0.130
0.4120,0.113,0.106,0.121
0.4140,0.115,0.117,0.149
0.4160,0.143,0.148,0.151
0.4180,0.178,0.166,0.181
0.4200,0.212,0.206,0.187
0.4220,0.184,0.208,0.180
0.4240,0.179,0.171,0.176
0.4260,0.143,0.143,0.153
0.4280,0.124,0.134,0.132
0.4300,0.138,0.117,0.120
0.4320,0.151,0.135,0.145
0.4340,0.191,0.188,0.153
0.4360,0.197,0.208,0.204
0.4380,0.196,0.210,0.207
0.4400,0.186,0.199,0.213
0.4420,0.164,0.135,0.161
0.4440,0.137,0.150,0.124
0.4460,0.114,0.129,0.127
0.4480,0.141,0.149,0.136
0.4500,0.170,0.169,0.173
0.4520,0.226,0.193,0.197
0.4540,0.231,0.202,0.194
0.4560,0.190,0.201,0.182
0.4580,0.172,0.167,0.180
0.4600,0.130,0.153,0.166
0.4620,0.126,0.108,0.135
0.4640,0.144,0.126,0.151
0.4660,0.179,0.182,0.179
0.4680,0.187,0.179,0.201
0.4700,0.208,0.203,0.208
0.4720,0.190,0.194,0.220
0.4740,0.194,0.188,0.213
0.4760,0.156,0.146,0.178
0.4780,0.143,0.132,0.161
0.4800,0.139,0.143,0.148
0.4820,0.170,0.144,0.173
0.4840,0.182,0.192,0.206
0.4860,0.212,0.217,0.234
0.4880,0.264,0.226,0.258
0.4900,0.211,0.200,0.204
0.4920,0.189,0.210,0.208
0.4940,0.202,0.159,0.186
0.4960,0.210,0.143,0.166
0.4980,0.178,0.142,0.209
0.5000,0.220,0.180,0.225
0.5020,0.261,0.227,0.262
0.5040,0.296,0.245,0.308
0.5060,0.260,0.235,0.295
0.5080,0.249,0.202,0.271
0.5100,0.240,0.151,0.248
0.5120,0.227,0.158,0.233
0.5140,0.229,0.145,0.273
0.5160,0.263,0.168,0.290
0.5180,0.285,0.220,0.310
0.5200,0.326,0.245,0.330
0.5220,0.332,0.250,0.361
0.5240,0.324,0.226,0.341
0.5260,0.294,0.199,0.305
0.5280,0.294,0.162,0.316
0.5300,0.307,0.173,0.316
0.5320,0.325,0.178,0.355
0.5340,0.366,0.204,0.394
0.5360,0.395,0.263,0.416
0.5380,0.410,0.253,0.447
0.5400,0.395,0.260,0.428
0.5420,0.388,0.237,0.411
0.5440,0.367,0.193,0.395
0.5460,0.393,0.201,0.416
0.5480,0.408,0.201,0.422
0.5500,0.431,0.217,0.480
0.5520,0.453,0.270,0.522
0.5540,0.470,0.278,0.514
0.5560,0.496,0.272,0.488
0.5580,0.467,0.277,0.519
0.5600,0.449,0.209,0.482
0.5620,0.413,0.218,0.468
0.5640,0.457,0.209,0.484
0.5660,0.482,0.257,0.517
0.5680,0.498,0.280,0.573
0.5700,0.529,0.302,0.584
0.5720,0.540,0.285,0.601
0.5740,0.520,0.267,0.574
0.5760,0.490,0.258,0.539
0.5780,0.473,0.248,0.519
0.5800,0.471,0.231,0.531
0.5820,0.496,0.233,0.554
0.5840,0.541,0.278,0.586
0.5860,0.516,0.326,0.594
0.5880,0.549,0.304,0.604
0.5900,0.536,0.304,0.591
0.5920,0.507,0.248,0.548
0.5940,0.470,0.230,0.510
0.5960,0.441,0.228,0.500
0.5980,0.474,0.236,0.515
0.6000,0.513,0.248,0.548
0.6020,0.496,0.273,0.576
0.6040,0.531,0.306,0.550
0.6060,0.502,0.297,0.543
0.6080,0.472,0.273,0.512
0.6100,0.424,0.246,0.489
0.6120,0.409,0.208,0.448
0.6140,0.426,0.206,0.446
0.6160,0.433,0.247,0.448
0.6180,0.467,0.266,0.490
0.6200,0.470,0.262,0.491
0.6220,0.450,0.257,0.473
0.6240,0.435,0.251,0.445
0.6260,0.381,0.211,0.422
0.6280,0.355,0.188,0.364
0.6300,0.330,0.197,0.353
0.6320,0.343,0.209,0.386
0.6340,0.354,0.243,0.390
0.6360,0.389,0.225,0.411
0.6380,0.359,0.254,0.402
0.6400,0.358,0.240,0.371
0.6420,0.308,0.183,0.329
0.6440,0.290,0.165,0.307
0.6460,0.268,0.151,0.292
0.6480,0.285,0.171,0.294
0.6500,0.291,0.216,0.285
0.6520,0.283,0.246,0.334
0.6540,0.306,0.222,0.318
0.6560,0.277,0.227,0.296
0.6580,0.252,0.199,0.269
0.6600,0.241,0.167,0.245
0.6620,0.208,0.149,0.218
0.6640,0.192,0.152,0.208
0.6660,0.206,0.191,0.238
0.6680,0.243,0.211,0.253
0.6700,0.241,0.203,0.257
0.6720,0.241,0.222,0.248
0.6740,0.227,0.200,0.235
0.6760,0.204,0.162,0.195
0.6780,0.172,0.149,0.154
0.6800,0.131,0.135,0.174
0.6820,0.178,0.153,0.173
0.6840,0.201,0.180,0.224
0.6860,0.226,0.178,0.208
0.6880,0.243,0.205,0.225
0.6900,0.181,0.182,0.200
0.6920,0.168,0.146,0.166
0.6940,0.154,0.151,0.144
0.6960,0.117,0.130,0.159
0.6980,0.164,0.136,0.150
0.7000,0.177,0.156,0.165
0.7020,0.208,0.194,0.178
0.7040,0.203,0.214,0.190
0.7060,0.209,0.183,0.194
0.7080,0.185,0.166,0.166
0.7100,0.145,0.148,0.141
0.7120,0.129,0.098,0.099
0.7140,0.134,0.126,0.130
0.7160,0.143,0.145,0.167
0.7180,0.180,0.177,0.202
0.7200,0.198,0.192,0.178
0.7220,0.202,0.197,0.189
0.7240,0.188,0.197,0.166
0.7260,0.133,0.140,0.148
0.7280,0.122,0.126,0.110
0.7300,0.139,0.144,0.142
0.7320,0.131,0.132,0.141
0.7340,0.159,0.190,0.168
0.7360,0.195,0.192,0.212
0.7380,0.208,0.218,0.198
0.7400,0.182,0.190,0.187
0.7420,0.169,0.156,0.144
0.7440,0.137,0.126,0.111
0.7460,0.128,0.110,0.110
0.7480,0.137,0.130,0.156
0.7500,0.185,0.168,0.165
0.7520,0.182,0.184,0.188
0.7540,0.173,0.193,0.185
0.7560,0.207,0.184,0.198
0.7580,0.156,0.173,0.145
0.7600,0.134,0.147,0.114
0.7620,0.132,0.109,0.110
0.7640,0.103,0.114,0.146
0.7660,0.131,0.150,0.169
0.7680,0.156,0.193,0.169
0.7700,0.184,0.207,0.185
0.7720,0.197,0.176,0.172
0.7740,0.176,0.167,0.171
0.7760,0.144,0.129,0.142
0.7780,0.102,0.115,0.128
0.7800,0.089,0.136,0.128
0.7820,0.136,0.118,0.133
0.7840,0.159,0.145,0.171
0.7860,0.194,0.178,0.180
0.7880,0.202,0.197,0.200
0.7900,0.179,0.185,0.171
0.7920,0.158,0.154,0.154
0.7940,0.126,0.137,0.127
0.7960,0.120,0.092,0.114
0.7980,0.117,0.140,0.135
0.8000,0.151,0.149,0.134
0.8020,0.183,0.189,0.168
0.8040,0.203,0.177,0.190
0.8060,0.179,0.184,0.166
0.8080,0.164,0.160,0.153
0.8100,0.126,0.143,0.124
0.8120,0.112,0.094,0.129
0.8140,0.128,0.119,0.120
0.8160,0.118,0.129,0.154
0.8180,0.155,0.177,0.175
0.8200,0.172,0.199,0.183
0.8220,0.160,0.203,0.189
0.8240,0.158,0.160,0.175
0.8260,0.145,0.147,0.151
0.8280,0.111,0.131,0.113
0.8300,0.115,0.093,0.093
0.8320,0.144,0.139,0.111
0.8340,0.176,0.172,0.156
0.8360,0.183,0.181,0.156
0.8380,0.206,0.175,0.211
0.8400,0.175,0.185,0.181
0.8420,0.135,0.130,0.137
0.8440,0.112,0.117,0.105
0.8460,0.092,0.109,0.122
0.8480,0.111,0.130,0.108
0.8500,0.145,0.141,0.137
0.8520,0.186,0.168,0.167
0.8540,0.209,0.190,0.190
0.8560,0.163,0.191,0.187
0.8580,0.158,0.181,0.168
0.8600,0.112,0.107,0.137
0.8620,0.114,0.112,0.109
0.8640,0.112,0.101,0.126
0.8660,0.116,0.150,0.130
0.8680,0.178,0.155,0.145
0.8700,0.178,0.177,0.177
0.8720,0.177,0.176,0.174
0.8740,0.149,0.161,0.154
0.8760,0.124,0.136,0.120
0.8780,0.115,0.116,0.105
0.8800,0.106,0.108,0.116
0.8820,0.131,0.111,0.147
0.8840,0.160,0.165,0.135
0.8860,0.195,0.179,0.164
0.8880,0.181,0.199,0.175
0.8900,0.151,0.160,0.178
0.8920,0.153,0.121,0.138
0.8940,0.110,0.114,0.105
0.8960,0.118,0.120,0.113
0.8980,0.122,0.119,0.129
0.9000,0.143,0.142,0.144
0.9020,0.176,0.161,0.162
0.9040,0.207,0.205,0.187
0.9060,0.199,0.162,0.172
0.9080,0.149,0.140,0.146
0.9100,0.122,0.127,0.114
0.9120,0.117,0.081,0.115
0.9140,0.099,0.124,0.112
0.9160,0.137,0.140,0.145
0.9180,0.161,0.172,0.178
0.9200,0.184,0.187,0.186
0.9220,0.168,0.176,0.172
0.9240,0.137,0.144,0.169
0.9260,0.102,0.125,0.132
0.9280,0.092,0.093,0.136
0.9300,0.098,0.109,0.107
0.9320,0.118,0.131,0.130
0.9340,0.174,0.168,0.154
0.9360,0.188,0.179,0.173
0.9380,0.168,0.191,0.176
0.9400,0.168,0.160,0.167
0.9420,0.130,0.129,0.141
0.9440,0.105,0.114,0.123
0.9460,0.102,0.095,0.103
0.9480,0.119,0.115,0.106
0.9500,0.135,0.126,0.135
0.9520,0.179,0.156,0.150
0.9540,0.165,0.186,0.199
0.9560,0.170,0.180,0.163
0.9580,0.175,0.132,0.155
0.9600,0.118,0.123,0.118
0.9620,0.117,0.093,0.103
0.9640,0.107,0.105,0.103
0.9660,0.137,0.145,0.119
0.9680,0.159,0.167,0.147
0.9700,0.177,0.186,0.198
0.9720,0.169,0.198,0.178
0.9740,0.163,0.146,0.169
0.9760,0.120,0.114,0.144
0.9780,0.119,0.096,0.102
0.9800,0.125,0.101,0.112
0.9820,0.138,0.096,0.128
0.9840,0.163,0.153,0.146
0.9860,0.200,0.174,0.184
0.9880,0.202,0.198,0.202
0.9900,0.206,0.179,0.177
0.9920,0.151,0.142,0.154
0.9940,0.150,0.134,0.135
0.9960,0.129,0.130,0.158
0.9980,0.155,0.128,0.129
1.0000,0.225,0.163,0.190
1.0020,0.256,0.173,0.214
1.0040,0.258,0.203,0.227
1.0060,0.248,0.202,0.229
1.0080,0.213,0.190,0.220
1.0100,0.222,0.153,0.197
1.0120,0.249,0.146,0.180
1.0140,0.237,0.146,0.200
1.0160,0.255,0.189,0.230
1.0180,0.300,0.223,0.256
1.0200,0.298,0.242,0.261
1.0220,0.313,0.237,0.272
1.0240,0.296,0.196,0.251
1.0260,0.263,0.177,0.204
1.0280,0.249,0.157,0.172
1.0300,0.237,0.153,0.162
1.0320,0.254,0.174,0.202
1.0340,0.261,0.217,0.229
1.0360,0.296,0.229,0.230
1.0380,0.302,0.209,0.257
1.0400,0.246,0.209,0.224
1.0420,0.209,0.176,0.204
1.0440,0.201,0.128,0.160
1.0460,0.164,0.134,0.127
1.0480,0.187,0.130,0.152
1.0500,0.183,0.139,0.176
1.0520,0.225,0.184,0.183
1.0540,0.214,0.190,0.180
1.0560,0.199,0.172,0.184
1.0580,0.183,0.146,0.141
1.0600,0.125,0.106,0.134
1.0620,0.098,0.104,0.096
1.0640,0.105,0.099,0.124
1.0660,0.135,0.124,0.099
1.0680,0.137,0.154,0.153
1.0700,0.180,0.153,0.186
1.0720,0.161,0.153,0.154
1.0740,0.158,0.114,0.140
1.0760,0.084,0.117,0.107
1.0780,0.081,0.074,0.081
1.0800,0.067,0.087,0.089
1.0820,0.095,0.108,0.089
1.0840,0.137,0.140,0.132
1.0860,0.155,0.142,0.163
1.0880,0.159,0.160,0.159
1.0900,0.143,0.165,0.133
1.0920,0.119,0.137,0.129
1.0940,0.078,0.102,0.099
1.0960,0.089,0.085,0.068
1.0980,0.101,0.081,0.077
1.1000,0.125,0.129,0.108
1.1020,0.154,0.145,0.154
1.1040,0.163,0.166,0.163
1.1060,0.174,0.142,0.159
1.1080,0.123,0.122,0.120
1.1100,0.091,0.097,0.084
1.1120,0.070,0.082,0.090
1.1140,0.072,0.090,0.077
1.1160,0.093,0.101,0.110
1.1180,0.126,0.120,0.118
1.1200,0.154,0.175,0.148
1.1220,0.157,0.183,0.165
1.1240,0.132,0.136,0.122
1.1260,0.092,0.085,0.111
1.1280,0.090,0.070,0.051
1.1300,0.085,0.084,0.069
1.1320,0.091,0.112,0.091
1.1340,0.112,0.110,0.139
1.1360,0.146,0.147,0.123
1.1380,0.140,0.156,0.143
1.1400,0.096,0.148,0.121
1.1420,0.073,0.105,0.058
1.1440,0.039,0.065,0.022
1.1460,0.004,0.082,0.005
1.1480,0.021,0.102,-0.012
1.1500,0.027,0.117,0.026
1.1520,0.098,0.154,0.087
1.1540,0.135,0.162,0.121
1.1560,0.152,0.157,0.159
1.1580,0.201,0.167,0.219
1.1600,0.230,0.148,0.308
1.1620,0.344,0.156,0.435
1.1640,0.497,0.202,0.593
1.1660,0.666,0.227,0.832
1.1680,0.881,0.297,1.060
1.1700,1.078,0.359,1.272
1.1720,1.187,0.378,1.435
1.1740,1.291,0.394,1.560
1.1760,1.354,0.361,1.638
1.1780,1.380,0.320,1.659
1.1800,1.320,0.298,1.606
1.1820,1.279,0.259,1.557
1.1840,1.203,0.210,1.443
1.1860,1.026,0.112,1.263
1.1880,0.855,-0.022,1.032
1.1900,0.662,-0.199,0.785
1.1920,0.451,-0.401,0.548
1.1940,0.278,-0.595,0.317
1.1960,0.125,-0.734,0.147
1.1980,0.007,-0.834,0.031
1.2000,-0.014,-0.842,-0.028
1.2020,-0.044,-0.825,-0.082
1.2040,-0.027,-0.777,-0.076
1.2060,-0.056,-0.702,-0.089
1.2080,-0.065,-0.617,-0.091
1.2100,-0.054,-0.529,-0.078
1.2120,-0.038,-0.401,-0.058
1.2140,-0.009,-0.272,-0.014
1.2160,0.013,-0.146,0.026
1.2180,0.088,-0.035,0.072
1.2200,0.102,0.047,0.106
1.2220,0.125,0.066,0.098
1.2240,0.090,0.071,0.121
1.2260,0.086,0.083,0.076
1.2280,0.052,0.063,0.067
1.2300,0.045,0.052,0.069
1.2320,0.089,0.077,0.065
1.2340,0.112,0.107,0.098
1.2360,0.126,0.133,0.151
1.2380,0.156,0.144,0.142
1.2400,0.117,0.152,0.115
1.2420,0.094,0.095,0.092
1.2440,0.070,0.075,0.080
1.2460,0.050,0.037,0.069
1.2480,0.076,0.064,0.053
1.2500,0.091,0.112,0.117
1.2520,0.119,0.129,0.136
1.2540,0.153,0.084,0.135
1.2560,0.115,0.135,0.113
1.2580,0.072,0.124,0.114
1.2600,0.092,0.048,0.078
1.2620,0.087,0.074,0.039
1.2640,0.057,0.028,0.059
1.2660,0.062,0.096,0.123
1.2680,0.111,0.113,0.115
1.2700,0.130,0.104,0.125
1.2720,0.129,0.135,0.119
1.2740,0.096,0.122,0.131
1.2760,0.087,0.083,0.091
1.2780,0.065,0.064,0.076
1.2800,0.039,0.050,0.061
1.2820,0.084,0.051,0.092
1.2840,0.130,0.111,0.096
1.2860,0.132,0.147,0.132
1.2880,0.131,0.145,0.140
1.2900,0.118,0.092,0.138
1.2920,0.099,0.069,0.097
1.2940,0.046,0.051,0.060
1.2960,0.060,0.033,0.060
1.2980,0.067,0.065,0.053
1.3000,0.122,0.097,0.074
1.3020,0.126,0.102,0.140
1.3040,0.162,0.141,0.140
1.3060,0.121,0.130,0.134
1.3080,0.117,0.091,0.123
1.3100,0.087,0.067,0.103
1.3120,0.059,0.030,0.079
1.3140,0.079,0.055,0.104
1.3160,0.118,0.084,0.113
1.3180,0.131,0.115,0.143
1.3200,0.136,0.137,0.164
1.3220,0.157,0.134,0.147
1.3240,0.129,0.108,0.157
1.3260,0.109,0.085,0.090
1.3280,0.095,0.073,0.096
1.3300,0.078,0.059,0.106
1.3320,0.102,0.084,0.120
1.3340,0.161,0.108,0.158
1.3360,0.177,0.128,0.215
1.3380,0.164,0.149,0.218
1.3400,0.194,0.121,0.187
1.3420,0.165,0.105,0.168
1.3440,0.133,0.077,0.140
1.3460,0.124,0.065,0.162
1.3480,0.169,0.079,0.171
1.3500,0.197,0.106,0.186
1.3520,0.256,0.122,0.246
1.3540,0.253,0.161,0.272
1.3560,0.251,0.152,0.278
1.3580,0.227,0.135,0.249
1.3600,0.219,0.092,0.226
1.3620,0.209,0.108,0.249
1.3640,0.231,0.088,0.241
1.3660,0.242,0.109,0.283
1.3680,0.281,0.139,0.307
1.3700,0.309,0.151,0.351
1.3720,0.331,0.191,0.334
1.3740,0.327,0.169,0.335
1.3760,0.283,0.133,0.307
1.3780,0.271,0.096,0.303
1.3800,0.287,0.129,0.334
1.3820,0.308,0.124,0.340
1.3840,0.360,0.156,0.395
1.3860,0.354,0.203,0.438
1.3880,0.385,0.201,0.434
1.3900,0.377,0.206,0.440
1.3920,0.337,0.156,0.414
1.3940,0.335,0.124,0.391
1.3960,0.333,0.114,0.397
1.3980,0.360,0.113,0.430
1.4000,0.409,0.160,0.434
1.4020,0.425,0.206,0.463
1.4040,0.432,0.213,0.480
1.4060,0.439,0.198,0.500
1.4080,0.429,0.161,0.479
1.4100,0.379,0.147,0.434
1.4120,0.366,0.141,0.401
1.4140,0.390,0.140,0.426
1.4160,0.405,0.160,0.465
1.4180,0.445,0.178,0.486
1.4200,0.455,0.216,0.507
1.4220,0.460,0.165,0.495
1.4240,0.416,0.185,0.490
1.4260,0.396,0.181,0.449
1.4280,0.368,0.109,0.426
1.4300,0.350,0.121,0.415
1.4320,0.360,0.141,0.433
1.4340,0.411,0.163,0.455
1.4360,0.416,0.203,0.455
1.4380,0.407,0.200,0.469
1.4400,0.396,0.178,0.450
1.4420,0.374,0.155,0.418
1.4440,0.300,0.117,0.374
1.4460,0.292,0.143,0.339
1.4480,0.303,0.117,0.344
1.4500,0.350,0.142,0.366
1.4520,0.354,0.143,0.390
1.4540,0.363,0.167,0.388
1.4560,0.321,0.175,0.356
1.4580,0.286,0.117,0.320
1.4600,0.267,0.075,0.268
1.4620,0.237,0.083,0.229
1.4640,0.238,0.101,0.259
1.4660,0.243,0.106,0.302
1.4680,0.269,0.128,0.313
1.4700,0.276,0.125,0.288
1.4720,0.272,0.148,0.289
1.4740,0.242,0.126,0.237
1.4760,0.174,0.064,0.199
1.4780,0.136,0.075,0.169
1.4800,0.165,0.066,0.169
1.4820,0.177,0.087,0.179
1.4840,0.172,0.107,0.204
1.4860,0.177,0.129,0.223
1.4880,0.199,0.130,0.208
1.4900,0.186,0.116,0.189
1.4920,0.160,0.053,0.138
1.4940,0.112,0.029,0.102
1.4960,0.086,0.027,0.084
1.4980,0.086,0.045,0.115
1.5000,0.119,0.076,0.124
1.5020,0.137,0.101,0.127
1.5040,0.136,0.122,0.155
1.5060,0.158,0.111,0.126
1.5080,0.125,0.060,0.130
1.5100,0.084,0.043,0.069
1.5120,0.039,0.013,0.064
1.5140,0.062,0.025,0.070
1.5160,0.080,0.053,0.065
1.5180,0.103,0.036,0.103
1.5200,0.129,0.124,0.124
1.5220,0.117,0.099,0.114
1.5240,0.094,0.062,0.092
1.5260,0.061,0.062,0.040
1.5280,0.033,0.013,0.038
1.5300,0.004,0.016,0.021
1.5320,0.043,0.026,0.048
1.5340,0.063,0.080,0.082
1.5360,0.076,0.082,0.101
1.5380,0.115,0.090,0.101
1.5400,0.099,0.086,0.087
1.5420,0.064,0.050,0.057
1.5440,0.024,0.016,0.040
1.5460,0.027,0.020,0.011
1.5480,0.022,0.049,0.025
1.5500,0.051,0.049,0.060
1.5520,0.062,0.074,0.070
1.5540,0.091,0.086,0.071
1.5560,0.078,0.090,0.083
1.5580,0.035,0.041,0.048
1.5600,0.020,0.016,0.007
1.5620,0.004,-0.015,0.011
1.5640,0.031,-0.006,0.027
1.5660,0.043,0.025,0.013
1.5680,0.061,0.060,0.074
1.5700,0.082,0.100,0.049
1.5720,0.078,0.083,0.072
1.5740,0.053,0.044,0.077
1.5760,0.012,0.016,0.021
1.5780,0.001,0.019,0.004
1.5800,-0.008,0.014,0.010
1.5820,0.004,0.019,-0.001
1.5840,0.054,0.042,0.049
1.5860,0.076,0.085,0.072
1.5880,0.055,0.064,0.099
1.5900,0.059,0.065,0.046
1.5920,0.043,0.059,0.027
1.5940,0.018,0.008,-0.006
1.5960,0.008,-0.014,-0.017
1.5980,0.008,0.013,0.021
1.6000,0.025,0.029,0.035
1.6020,0.049,0.045,0.055
1.6040,0.078,0.082,0.068
1.6060,0.069,0.078,0.058
1.6080,0.054,0.035,0.033
1.6100,0.023,0.005,-0.006
1.6120,-0.008,-0.018,-0.010
1.6140,-0.016,-0.003,-0.006
1.6160,0.018,0.015,0.013
1.6180,0.053,0.039,0.053
1.6200,0.067,0.092,0.072
1.6220,0.060,0.073,0.060
1.6240,0.048,0.052,0.043
1.6260,0.009,0.026,0.041
1.6280,-0.014,0.003,0.019
1.6300,-0.005,-0.014,-0.021
1.6320,0.005,0.013,-0.001
1.6340,0.041,0.035,0.026
1.6360,0.065,0.067,0.075
1.6380,0.053,0.071,0.062
1.6400,0.045,0.046,0.054
1.6420,0.039,0.006,0.046
1.6440,-0.018,-0.002,-0.004
1.6460,-0.039,-0.016,-0.005
1.6480,-0.024,-0.024,0.005
1.6500,0.026,0.032,0.019
1.6520,0.053,0.064,0.065
1.6540,0.063,0.095,0.055
1.6560,0.070,0.051,0.071
1.6580,-0.003,0.023,0.022
1.6600,0.005,-0.013,-0.005
1.6620,0.003,-0.013,-0.029
1.6640,-0.024,-0.008,-0.022
1.6660,0.008,0.003,0.008
1.6680,0.033,0.040,0.012
1.6700,0.049,0.036,0.057
1.6720,0.054,0.069,0.052
1.6740,0.053,0.027,0.045
1.6760,0.028,0.006,0.011
1.6780,-0.020,-0.033,-0.024
1.6800,0.005,-0.025,-0.023
1.6820,0.001,-0.003,-0.002
1.6840,0.050,0.029,0.047
1.6860,0.052,0.059,0.043
1.6880,0.060,0.075,0.049
1.6900,0.046,0.051,0.028
1.6920,0.051,0.025,-0.005
1.6940,-0.003,0.004,-0.009
1.6960,-0.031,-0.016,-0.020
1.6980,0.001,-0.011,0.005
1.7000,0.012,0.029,0.029
1.7020,0.038,0.056,0.072
1.7040,0.067,0.064,0.055
1.7060,0.047,0.029,0.043
1.7080,0.023,0.010,0.005
1.7100,-0.009,-0.012,0.000
1.7120,-0.021,-0.016,-0.023
1.7140,-0.015,-0.020,-0.012
1.7160,-0.019,0.017,-0.010
1.7180,0.041,0.048,0.037
1.7200,0.039,0.065,0.053
1.7220,0.032,0.063,0.050
1.7240,0.026,0.015,0.019
1.7260,-0.002,0.003,0.011
1.7280,-0.033,-0.032,0.000
1.7300,-0.017,-0.047,-0.040
1.7320,-0.025,-0.012,0.000
1.7340,0.016,0.036,-0.014
1.7360,0.037,0.049,0.052
1.7380,0.048,0.073,0.027
1.7400,0.036,0.035,0.027
1.7420,-0.008,0.033,-0.012
1.7440,-0.013,-0.020,-0.025
1.7460,-0.031,-0.031,-0.022
1.7480,-0.042,-0.035,-0.042
1.7500,-0.016,0.021,0.003
1.7520,0.035,0.029,0.028
1.7540,0.044,0.039,0.066
1.7560,0.036,0.053,0.043
1.7580,0.011,0.025,-0.003
1.7600,-0.015,-0.004,-0.023
1.7620,-0.022,-0.038,-0.015
1.7640,-0.042,-0.029,-0.020
1.7660,-0.019,-0.006,-0.016
1.7680,0.011,0.033,0.021
1.7700,0.046,0.061,0.039
1.7720,0.055,0.044,0.033
1.7740,0.013,0.042,-0.002
1.7760,-0.042,-0.001,-0.020
1.7780,-0.054,-0.036,-0.017
1.7800,-0.046,-0.026,-0.040
1.7820,-0.024,0.003,-0.019
1.7840,0.007,0.036,0.013
1.7860,0.036,0.049,0.062
1.7880,0.037,0.041,0.040
1.7900,0.037,0.022,0.037
1.7920,-0.013,0.002,-0.012
1.7940,-0.041,-0.011,-0.034
1.7960,-0.035,-0.035,-0.040
1.7980,-0.046,-0.023,-0.037
1.8000,0.004,0.000,-0.003
1.8020,0.027,0.022,0.037
1.8040,0.037,0.036,0.029
1.8060,0.048,0.031,0.029
1.8080,-0.004,0.023,0.011
1.8100,-0.001,-0.029,-0.036
1.8120,-0.044,-0.041,-0.028
1.8140,-0.051,-0.047,-0.035
1.8160,-0.010,-0.004,-0.014
1.8180,0.005,0.033,-0.007
1.8200,0.029,0.055,0.032
1.8220,0.042,0.036,0.040
1.8240,0.024,0.020,0.035
1.8260,-0.018,-0.018,-0.007
1.8280,-0.018,-0.030,-0.021
1.8300,-0.016,-0.034,-0.049
1.8320,0.010,-0.017,-0.015
1.8340,0.032,0.015,0.032
1.8360,0.070,0.044,0.034
1.8380,0.041,0.043,0.065
1.8400,0.050,0.030,0.050
1.8420,0.021,0.028,0.020
1.8440,0.014,0.017,-0.009
1.8460,0.004,-0.035,-0.021
1.8480,0.030,-0.020,0.030
1.8500,0.090,0.015,0.049
1.8520,0.101,0.056,0.079
1.8540,0.130,0.085,0.088
1.8560,0.121,0.076,0.090
1.8580,0.108,0.049,0.071
1.8600,0.086,0.028,0.051
1.8620,0.083,0.001,0.044
1.8640,0.103,0.014,0.035
1.8660,0.138,0.043,0.054
1.8680,0.156,0.055,0.104
1.8700,0.180,0.080,0.103
1.8720,0.159,0.079,0.119
1.8740,0.150,0.080,0.095
1.8760,0.131,0.043,0.076
1.8780,0.105,0.025,0.070
1.8800,0.091,-0.009,0.018
1.8820,0.112,0.011,0.084
1.8840,0.130,0.063,0.078
1.8860,0.154,0.042,0.103
1.8880,0.140,0.091,0.082
1.8900,0.108,0.034,0.089
1.8920,0.078,0.033,0.043
1.8940,0.004,-0.018,0.009
1.8960,0.025,-0.008,-0.029
1.8980,-0.020,0.026,0.002
1.9000,0.022,-0.017,0.033
1.9020,0.067,0.042,0.041
1.9040,0.072,0.021,0.066
1.9060,0.037,0.035,0.051
1.9080,0.010,-0.002,0.000
1.9100,0.001,-0.029,-0.006
1.9120,-0.042,-0.060,-0.044
1.9140,-0.009,-0.036,-0.041
1.9160,-0.016,-0.041,-0.019
1.9180,0.015,0.019,0.007
1.9200,0.046,0.016,-0.008
1.9220,0.024,0.001,0.017
1.9240,-0.013,0.015,-0.020
1.9260,-0.034,-0.036,-0.014
1.9280,-0.056,-0.034,-0.037
1.9300,-0.075,-0.045,-0.049
1.9320,-0.044,-0.051,-0.044
1.9340,-0.021,-0.014,-0.025
1.9360,0.022,0.012,0.003
1.9380,0.016,0.034,0.039
1.9400,-0.004,0.005,-0.009
1.9420,-0.031,-0.027,-0.058
1.9440,-0.053,-0.058,-0.043
1.9460,-0.058,-0.066,-0.047
1.9480,-0.065,-0.037,-0.033
1.9500,-0.038,-0.026,-0.013
1.9520,0.014,-0.004,0.016
1.9540,0.008,0.007,0.014
1.9560,-0.013,-0.003,-0.021
1.9580,-0.017,-0.039,-0.022
1.9600,-0.045,-0.060,-0.044
1.9620,-0.085,-0.049,-0.069
1.9640,-0.059,-0.064,-0.064
1.9660,-0.030,-0.030,-0.050
1.9680,-0.005,-0.039,-0.022
1.9700,0.017,0.016,0.031
1.9720,-0.010,0.005,0.029
1.9740,-0.011,-0.021,-0.015
1.9760,-0.049,-0.043,-0.042
1.9780,-0.073,-0.072,-0.079
1.9800,-0.060,-0.094,-0.063
1.9820,-0.035,-0.039,-0.033
1.9840,-0.005,-0.018,-0.046
1.9860,0.008,-0.001,-0.004
1.9880,-0.010,-0.004,-0.006
1.9900,-0.030,-0.026,-0.033
1.9920,-0.065,-0.034,-0.061
1.9940,-0.111,-0.043,-0.097
1.9960,-0.131,-0.069,-0.148
1.9980,-0.118,-0.074,-0.133
2.0000,-0.102,-0.025,-0.113
2.0020,-0.071,0.003,-0.080
2.0040,-0.027,0.033,-0.022
2.0060,0.024,0.030,0.032
2.0080,0.061,-0.026,0.087
2.0100,0.130,0.006,0.160
2.0120,0.236,-0.004,0.294
2.0140,0.369,0.025,0.472
2.0160,0.563,0.096,0.683
2.0180,0.752,0.167,0.928
2.0200,0.913,0.195,1.147
2.0220,1.090,0.251,1.332
2.0240,1.161,0.250,1.432
2.0260,1.193,0.218,1.498
2.0280,1.202,0.173,1.531
2.0300,1.169,0.134,1.470
2.0320,1.117,0.114,1.389
2.0340,1.013,0.022,1.257
2.0360,0.874,-0.042,1.097
2.0380,0.708,-0.195,0.880
2.0400,0.502,-0.371,0.633
2.0420,0.294,-0.586,0.372
2.0440,0.109,-0.754,0.140
2.0460,-0.031,-0.891,0.001
2.0480,-0.154,-1.002,-0.126
2.0500,-0.177,-1.006,-0.201
2.0520,-0.212,-0.983,-0.201
2.0540,-0.188,-0.929,-0.231
2.0560,-0.193,-0.829,-0.212
2.0580,-0.188,-0.772,-0.215
2.0600,-0.188,-0.638,-0.240
2.0620,-0.187,-0.508,-0.204
2.0640,-0.163,-0.388,-0.163
2.0660,-0.104,-0.279,-0.090
2.0680,-0.068,-0.181,-0.078
2.0700,-0.030,-0.111,-0.017
2.0720,-0.010,-0.070,-0.025
2.0740,-0.045,-0.057,-0.054
2.0760,-0.054,-0.087,-0.066
2.0780,-0.075,-0.081,-0.084
2.0800,-0.096,-0.062,-0.097
2.0820,-0.053,-0.067,-0.061
2.0840,-0.027,-0.053,-0.024
2.0860,-0.011,-0.029,-0.009
2.0880,-0.016,0.002,-0.013
2.0900,-0.033,-0.024,-0.024
2.0920,-0.058,-0.041,-0.051
2.0940,-0.071,-0.084,-0.075
2.0960,-0.098,-0.077,-0.073
2.0980,-0.069,-0.077,-0.071
2.1000,-0.062,-0.056,-0.064
2.1020,-0.023,-0.025,-0.027
2.1040,-0.006,-0.022,-0.006
2.1060,0.012,0.006,-0.003
2.1080,-0.060,-0.045,-0.027
2.1100,-0.054,-0.064,-0.050
2.1120,-0.086,-0.095,-0.086
2.1140,-0.077,-0.096,-0.073
2.1160,-0.057,-0.062,-0.076
2.1180,-0.024,-0.017,-0.024
2.1200,-0.012,-0.018,-0.023
2.1220,0.005,-0.024,-0.013
2.1240,-0.039,-0.034,0.003
2.1260,-0.050,-0.059,-0.059
2.1280,-0.092,-0.067,-0.094
2.1300,-0.087,-0.084,-0.081
2.1320,-0.080,-0.062,-0.073
2.1340,-0.032,-0.032,-0.049
2.1360,0.004,-0.031,0.012
2.1380,-0.009,-0.023,0.006
2.1400,-0.025,-0.040,-0.018
2.1420,-0.064,-0.072,-0.054
2.1440,-0.079,-0.072,-0.078
2.1460,-0.103,-0.087,-0.064
2.1480,-0.082,-0.077,-0.066
2.1500,-0.040,-0.082,-0.078
2.1520,0.002,0.002,0.017
2.1540,0.034,-0.021,0.004
2.1560,-0.015,0.005,-0.001
2.1580,-0.014,-0.062,-0.016
2.1600,-0.055,-0.083,-0.050
2.1620,-0.074,-0.115,-0.060
2.1640,-0.059,-0.078,-0.066
2.1660,-0.037,-0.071,-0.049
2.1680,-0.005,-0.041,0.001
2.1700,0.010,-0.025,0.037
2.1720,0.000,0.000,0.014
2.1740,-0.020,-0.022,-0.004
2.1760,-0.019,-0.037,-0.006
2.1780,-0.048,-0.088,-0.043
2.1800,-0.050,-0.078,-0.040
2.1820,-0.019,-0.076,-0.015
2.1840,0.024,-0.034,0.023
2.1860,0.046,-0.011,0.035
2.1880,0.047,0.008,0.059
2.1900,0.059,0.000,0.059
2.1920,0.041,-0.027,0.037
2.1940,0.009,-0.074,0.030
2.1960,0.012,-0.059,0.037
2.1980,0.035,-0.057,0.053
2.2000,0.068,-0.031,0.082
2.2020,0.097,-0.006,0.105
2.2040,0.117,0.010,0.121
2.2060,0.115,0.031,0.128
2.2080,0.078,-0.010,0.119
2.2100,0.079,-0.038,0.103
2.2120,0.048,-0.057,0.095
2.2140,0.069,-0.016,0.101
2.2160,0.127,-0.004,0.146
2.2180,0.159,0.004,0.192
2.2200,0.195,0.030,0.217
2.2220,0.181,0.032,0.214
2.2240,0.159,0.017,0.194
2.2260,0.149,-0.020,0.175
2.2280,0.141,-0.026,0.166
2.2300,0.148,-0.013,0.185
2.2320,0.188,-0.025,0.217
2.2340,0.208,0.009,0.233
2.2360,0.249,0.043,0.278
2.2380,0.246,0.051,0.302
2.2400,0.256,0.067,0.281
2.2420,0.229,0.028,0.277
2.2440,0.202,0.003,0.251
2.2460,0.205,-0.018,0.244
2.2480,0.225,-0.005,0.273
2.2500,0.257,0.010,0.311
2.2520,0.314,0.066,0.329
2.2540,0.308,0.076,0.354
2.2560,0.301,0.077,0.358
2.2580,0.256,0.034,0.321
2.2600,0.245,0.007,0.285
2.2620,0.239,-0.004,0.273
2.2640,0.241,0.010,0.294
2.2660,0.290,0.006,0.307
2.2680,0.300,0.061,0.348
2.2700,0.336,0.071,0.390
2.2720,0.318,0.056,0.350
2.2740,0.294,0.021,0.340
2.2760,0.260,0.014,0.336
2.2780,0.236,0.011,0.290
2.2800,0.251,0.010,0.274
2.2820,0.217,0.012,0.290
2.2840,0.244,0.058,0.320
2.2860,0.280,0.056,0.353
2.2880,0.286,0.072,0.324
2.2900,0.271,0.037,0.298
2.2920,0.233,0.006,0.254
2.2940,0.189,-0.024,0.237
2.2960,0.189,-0.052,0.200
2.2980,0.193,-0.002,0.215
2.3000,0.201,-0.001,0.227
2.3020,0.229,0.022,0.268
2.3040,0.224,0.027,0.251
2.3060,0.196,0.027,0.242
2.3080,0.176,0.022,0.181
2.3100,0.130,-0.005,0.163
2.3120,0.104,-0.069,0.120
2.3140,0.117,-0.051,0.124
2.3160,0.085,-0.038,0.168
2.3180,0.117,0.013,0.171
2.3200,0.129,0.020,0.167
2.3220,0.128,0.005,0.194
2.3240,0.098,-0.011,0.113
2.3260,0.045,-0.050,0.098
2.3280,0.021,-0.049,0.034
2.3300,0.012,-0.066,0.038
2.3320,0.062,-0.048,0.035
2.3340,0.076,-0.061,0.074
2.3360,0.065,-0.009,0.087
2.3380,0.064,0.020,0.079
2.3400,0.032,-0.007,0.072
2.3420,-0.013,-0.075,0.016
2.3440,-0.024,-0.085,-0.007
2.3460,-0.050,-0.106,-0.017
2.3480,-0.032,-0.061,-0.039
2.3500,-0.028,-0.053,-0.009
2.3520,0.004,-0.039,0.022
2.3540,0.022,-0.018,0.036
2.3560,0.011,-0.061,0.031
2.3580,-0.019,-0.069,-0.020
2.3600,-0.072,-0.086,-0.054
2.3620,-0.066,-0.093,-0.081
2.3640,-0.084,-0.122,-0.065
2.3660,-0.046,-0.081,-0.053
2.3680,-0.028,-0.036,-0.027
2.3700,-0.028,-0.047,-0.009
2.3720,-0.020,-0.030,-0.006
2.3740,-0.036,-0.054,-0.044
2.3760,-0.064,-0.065,-0.078
2.3780,-0.097,-0.110,-0.088
2.3800,-0.081,-0.112,-0.133
2.3820,-0.070,-0.081,-0.087
2.3840,-0.057,-0.079,-0.066
2.3860,-0.023,-0.042,-0.016
2.3880,-0.005,-0.040,-0.032
2.3900,-0.021,-0.053,-0.050
2.3920,-0.089,-0.070,-0.074
2.3940,-0.112,-0.099,-0.107
2.3960,-0.094,-0.125,-0.115
2.3980,-0.112,-0.102,-0.098
2.4000,-0.089,-0.058,-0.077
2.4020,-0.052,-0.059,-0.051
2.4040,-0.029,-0.035,-0.046
2.4060,-0.045,-0.049,-0.057
2.4080,-0.078,-0.073,-0.069
2.4100,-0.107,-0.121,-0.095
2.4120,-0.124,-0.100,-0.132
2.4140,-0.121,-0.121,-0.101
2.4160,-0.060,-0.076,-0.078
2.4180,-0.055,-0.066,-0.046
2.4200,-0.029,-0.048,-0.036
2.4220,-0.048,-0.028,-0.034
2.4240,-0.066,-0.052,-0.037
2.4260,-0.102,-0.091,-0.097
2.4280,-0.147,-0.106,-0.127
2.4300,-0.133,-0.121,-0.135
2.4320,-0.120,-0.099,-0.077
2.4340,-0.096,-0.077,-0.048
2.4360,-0.060,-0.035,-0.057
2.4380,-0.024,-0.049,-0.049
2.4400,-0.057,-0.039,-0.060
2.4420,-0.069,-0.089,-0.070
2.4440,-0.106,-0.111,-0.126
2.4460,-0.111,-0.111,-0.144
2.4480,-0.118,-0.107,-0.082
2.4500,-0.074,-0.084,-0.077
2.4520,-0.044,-0.054,-0.048
2.4540,-0.048,-0.030,-0.043
2.4560,-0.043,-0.058,-0.044
2.4580,-0.069,-0.077,-0.094
2.4600,-0.111,-0.104,-0.115
2.4620,-0.134,-0.110,-0.119
2.4640,-0.129,-0.116,-0.142
2.4660,-0.090,-0.069,-0.095
2.4680,-0.058,-0.064,-0.066
2.4700,-0.053,-0.046,-0.047
2.4720,-0.045,-0.047,-0.052
2.4740,-0.060,-0.083,-0.079
2.4760,-0.089,-0.109,-0.118
2.4780,-0.099,-0.124,-0.116
2.4800,-0.105,-0.106,-0.124
2.4820,-0.113,-0.102,-0.118
2.4840,-0.052,-0.078,-0.071
2.4860,-0.055,-0.034,-0.052
2.4880,-0.030,-0.024,-0.048
2.4900,-0.058,-0.044,-0.085
2.4920,-0.092,-0.098,-0.079
2.4940,-0.135,-0.119,-0.128
2.4960,-0.125,-0.101,-0.122
2.4980,-0.129,-0.107,-0.120
2.5000,-0.071,-0.086,-0.087
2.5020,-0.037,-0.047,-0.042
2.5040,-0.053,-0.031,-0.037
2.5060,-0.048,-0.059,-0.039
2.5080,-0.087,-0.075,-0.074
2.5100,-0.114,-0.095,-0.102
2.5120,-0.113,-0.136,-0.144
2.5140,-0.117,-0.117,-0.121
2.5160,-0.072,-0.107,-0.096
2.5180,-0.070,-0.076,-0.049
2.5200,-0.033,-0.052,-0.051
2.5220,-0.046,-0.042,-0.044
2.5240,-0.059,-0.073,-0.066
2.5260,-0.104,-0.106,-0.084
2.5280,-0.120,-0.119,-0.121
2.5300,-0.123,-0.136,-0.112
2.5320,-0.113,-0.098,-0.124
2.5340,-0.066,-0.060,-0.093
2.5360,-0.042,-0.051,-0.078
2.5380,-0.038,-0.047,-0.035
2.5400,-0.042,-0.056,-0.052
2.5420,-0.072,-0.113,-0.078
2.5440,-0.119,-0.109,-0.123
2.5460,-0.120,-0.087,-0.131
2.5480,-0.119,-0.113,-0.113
2.5500,-0.084,-0.086,-0.067
2.5520,-0.064,-0.048,-0.037
2.5540,-0.025,-0.025,-0.035
2.5560,-0.049,-0.042,-0.050
2.5580,-0.082,-0.105,-0.063
2.5600,-0.094,-0.101,-0.111
2.5620,-0.150,-0.093,-0.129
2.5640,-0.143,-0.111,-0.120
2.5660,-0.085,-0.108,-0.106
2.5680,-0.065,-0.062,-0.068
2.5700,-0.044,-0.062,-0.060
2.5720,-0.065,-0.034,-0.036
2.5740,-0.070,-0.082,-0.064
2.5760,-0.076,-0.099,-0.082
2.5780,-0.111,-0.131,-0.141
2.5800,-0.121,-0.130,-0.100
2.5820,-0.110,-0.086,-0.123
2.5840,-0.080,-0.074,-0.089
2.5860,-0.077,-0.058,-0.059
2.5880,-0.043,-0.060,-0.030
2.5900,-0.051,-0.084,-0.059
2.5920,-0.109,-0.105,-0.093
2.5940,-0.124,-0.115,-0.125
2.5960,-0.139,-0.113,-0.142
2.5980,-0.124,-0.119,-0.099
2.6000,-0.085,-0.066,-0.076
2.6020,-0.083,-0.066,-0.042
2.6040,-0.038,-0.048,-0.041
2.6060,-0.045,-0.067,-0.086
2.6080,-0.083,-0.068,-0.095
2.6100,-0.139,-0.084,-0.103
2.6120,-0.137,-0.146,-0.129
2.6140,-0.104,-0.123,-0.126
2.6160,-0.129,-0.080,-0.109
2.6180,-0.070,-0.084,-0.055
2.6200,-0.062,-0.041,-0.042
2.6220,-0.040,-0.035,-0.043
2.6240,-0.079,-0.070,-0.078
2.6260,-0.095,-0.094,-0.098
2.6280,-0.115,-0.101,-0.138
2.6300,-0.101,-0.100,-0.125
2.6320,-0.107,-0.105,-0.135
2.6340,-0.071,-0.082,-0.094
2.6360,-0.069,-0.063,-0.056
2.6380,-0.032,-0.034,-0.018
2.6400,-0.071,-0.078,-0.083
2.6420,-0.097,-0.093,-0.105
2.6440,-0.116,-0.115,-0.113
2.6460,-0.144,-0.131,-0.104
2.6480,-0.109,-0.109,-0.110
2.6500,-0.073,-0.054,-0.076
2.6520,-0.053,-0.059,-0.061
2.6540,-0.062,-0.050,-0.050
2.6560,-0.053,-0.041,-0.052
2.6580,-0.068,-0.076,-0.086
2.6600,-0.126,-0.089,-0.097
2.6620,-0.131,-0.120,-0.140
2.6640,-0.100,-0.118,-0.103
2.6660,-0.082,-0.112,-0.088
2.6680,-0.048,-0.079,-0.060
2.6700,-0.009,-0.062,-0.056
2.6720,-0.023,-0.035,-0.048
2.6740,-0.038,-0.076,-0.040
2.6760,-0.038,-0.071,-0.083
2.6780,-0.089,-0.105,-0.095
2.6800,-0.092,-0.107,-0.106
2.6820,-0.051,-0.092,-0.073
2.6840,-0.014,-0.042,-0.055
2.6860,0.006,-0.031,-0.008
2.6880,0.014,-0.024,0.007
2.6900,0.047,-0.009,-0.004
2.6920,0.004,-0.044,-0.041
2.6940,-0.025,-0.072,-0.054
2.6960,-0.006,-0.067,-0.046
2.6980,0.003,-0.058,-0.037
2.7000,0.037,-0.022,-0.005
2.7020,0.081,-0.006,0.053
2.7040,0.078,0.044,0.036
2.7060,0.093,0.006,0.054
2.7080,0.090,0.007,0.004
2.7100,0.046,-0.041,-0.001
2.7120,0.021,-0.044,-0.016
2.7140,0.025,-0.040,-0.025
2.7160,0.048,-0.012,-0.011
2.7180,0.075,-0.009,0.007
2.7200,0.088,0.031,0.038
2.7220,0.095,0.036,0.046
2.7240,0.035,-0.014,0.001
2.7260,0.029,-0.044,-0.020
2.7280,-0.016,-0.076,-0.065
2.7300,-0.017,-0.080,-0.058
2.7320,-0.026,-0.040,-0.056
2.7340,0.024,-0.048,-0.020
2.7360,0.038,-0.028,-0.008
2.7380,0.031,0.005,-0.016
2.7400,-0.022,-0.027,-0.031
2.7420,-0.030,-0.041,-0.068
2.7440,-0.068,-0.101,-0.103
2.7460,-0.108,-0.106,-0.087
2.7480,-0.082,-0.105,-0.096
2.7500,-0.055,-0.071,-0.094
2.7520,-0.029,-0.068,-0.050
2.7540,-0.025,-0.028,-0.022
2.7560,-0.036,-0.043,-0.053
2.7580,-0.050,-0.074,-0.054
2.7600,-0.084,-0.108,-0.112
2.7620,-0.151,-0.130,-0.112
2.7640,-0.116,-0.106,-0.101
2.7660,-0.091,-0.106,-0.085
2.7680,-0.082,-0.057,-0.079
2.7700,-0.042,-0.019,-0.055
2.7720,-0.030,-0.028,-0.032
2.7740,-0.080,-0.086,-0.077
2.7760,-0.093,-0.104,-0.085
2.7780,-0.130,-0.114,-0.124
2.7800,-0.129,-0.122,-0.119
2.7820,-0.084,-0.119,-0.119
2.7840,-0.079,-0.068,-0.080
2.7860,-0.043,-0.049,-0.059
2.7880,-0.066,-0.020,-0.041
2.7900,-0.037,-0.062,-0.058
2.7920,-0.080,-0.073,-0.082
2.7940,-0.115,-0.128,-0.119
2.7960,-0.115,-0.135,-0.133
2.7980,-0.126,-0.101,-0.107
2.8000,-0.068,-0.069,-0.094
2.8020,-0.059,-0.066,-0.042
2.8040,-0.044,-0.042,-0.043
2.8060,-0.057,-0.068,-0.055
2.8080,-0.084,-0.079,-0.071
2.8100,-0.097,-0.095,-0.106
2.8120,-0.118,-0.126,-0.141
2.8140,-0.108,-0.118,-0.128
2.8160,-0.092,-0.105,-0.079
2.8180,-0.057,-0.070,-0.062
2.8200,-0.050,-0.022,-0.066
2.8220,-0.022,-0.044,-0.046
2.8240,-0.093,-0.078,-0.082
2.8260,-0.093,-0.099,-0.122
2.8280,-0.121,-0.136,-0.155
2.8300,-0.159,-0.131,-0.143
2.8320,-0.115,-0.083,-0.174
2.8340,-0.113,-0.071,-0.146
2.8360,-0.099,-0.022,-0.122
2.8380,-0.110,-0.038,-0.104
2.8400,-0.123,-0.050,-0.125
2.8420,-0.132,-0.065,-0.147
2.8440,-0.113,-0.122,-0.098
2.8460,-0.052,-0.085,-0.070
2.8480,0.028,-0.059,0.062
2.8500,0.148,0.007,0.222
2.8520,0.326,0.055,0.392
2.8540,0.488,0.073,0.606
2.8560,0.638,0.127,0.781
2.8580,0.779,0.119,0.973
2.8600,0.894,0.115,1.106
2.8620,1.004,0.138,1.282
2.8640,1.109,0.153,1.399
2.8660,1.175,0.196,1.504
2.8680,1.224,0.188,1.516
2.8700,1.182,0.157,1.481
2.8720,1.069,0.088,1.340
2.8740,0.871,-0.036,1.131
2.8760,0.689,-0.200,0.899
2.8780,0.509,-0.366,0.650
2.8800,0.302,-0.543,0.418
2.8820,0.162,-0.695,0.194
2.8840,0.022,-0.804,0.058
2.8860,-0.039,-0.917,-0.035
2.8880,-0.139,-0.988,-0.168
2.8900,-0.205,-1.010,-0.226
2.8920,-0.237,-1.014,-0.291
2.8940,-0.277,-0.988,-0.340
2.8960,-0.295,-0.895,-0.349
2.8980,-0.262,-0.732,-0.292
2.9000,-0.203,-0.579,-0.199
2.9020,-0.137,-0.432,-0.172
2.9040,-0.106,-0.319,-0.128
2.9060,-0.097,-0.232,-0.114
2.9080,-0.084,-0.195,-0.093
2.9100,-0.120,-0.184,-0.125
2.9120,-0.099,-0.159,-0.136
2.9140,-0.114,-0.132,-0.100
2.9160,-0.067,-0.103,-0.082
2.9180,-0.053,-0.052,-0.069
2.9200,-0.026,-0.025,-0.053
2.9220,-0.048,-0.029,-0.025
2.9240,-0.070,-0.064,-0.060
2.9260,-0.084,-0.081,-0.108
2.9280,-0.099,-0.110,-0.132
2.9300,-0.112,-0.127,-0.126
2.9320,-0.109,-0.085,-0.108
2.9340,-0.080,-0.062,-0.088
2.9360,-0.057,-0.009,-0.053
2.9380,-0.055,-0.017,-0.045
2.9400,-0.048,-0.041,-0.055
2.9420,-0.064,-0.075,-0.058
2.9440,-0.104,-0.102,-0.107
2.9460,-0.139,-0.125,-0.114
2.9480,-0.102,-0.121,-0.093
2.9500,-0.074,-0.083,-0.075
2.9520,-0.019,-0.045,-0.039
2.9540,-0.049,-0.057,-0.028
2.9560,-0.045,-0.048,-0.038
2.9580,-0.045,-0.070,-0.032
2.9600,-0.088,-0.097,-0.082
2.9620,-0.102,-0.118,-0.122
2.9640,-0.102,-0.109,-0.098
2.9660,-0.075,-0.060,-0.088
2.9680,-0.039,-0.043,-0.043
2.9700,-0.039,-0.039,-0.045
2.9720,-0.020,-0.034,-0.043
2.9740,-0.068,-0.055,-0.047
2.9760,-0.076,-0.093,-0.067
2.9780,-0.098,-0.114,-0.094
2.9800,-0.109,-0.094,-0.090
2.9820,-0.082,-0.092,-0.076
2.9840,-0.059,-0.070,-0.048
2.9860,-0.039,-0.034,-0.031
2.9880,-0.023,-0.026,-0.008
2.9900,-0.047,-0.066,-0.019
2.9920,-0.056,-0.071,-0.059
2.9940,-0.098,-0.085,-0.083
2.9960,-0.083,-0.098,-0.070
2.9980,-0.091,-0.064,-0.074
3.0000,-0.054,-0.047,-0.043
3.0020,-0.024,-0.017,-0.008
3.0040,0.014,0.013,0.001
3.0060,-0.004,-0.019,-0.013
3.0080,-0.033,-0.051,-0.021
3.0100,-0.050,-0.069,-0.051
3.0120,-0.093,-0.102,-0.040
3.0140,-0.059,-0.087,-0.043
3.0160,-0.006,-0.071,-0.031
3.0180,0.005,-0.028,0.020
3.0200,0.028,-0.020,0.039
3.0220,0.037,-0.021,0.055
3.0240,0.025,-0.028,0.017
3.0260,-0.033,-0.062,0.003
3.0280,-0.045,-0.103,-0.015
3.0300,-0.018,-0.097,-0.008
3.0320,-0.004,-0.073,0.007
3.0340,0.057,-0.038,0.062
3.0360,0.068,0.003,0.092
3.0380,0.062,0.009,0.116
3.0400,0.062,0.006,0.094
3.0420,0.024,-0.024,0.070
3.0440,0.036,-0.044,0.068
3.0460,0.036,-0.056,0.049
3.0480,0.055,-0.045,0.095
3.0500,0.109,-0.004,0.132
3.0520,0.147,0.024,0.172
3.0540,0.153,0.032,0.185
3.0560,0.130,0.037,0.176
3.0580,0.146,-0.029,0.168
3.0600,0.127,-0.030,0.154
3.0620,0.118,-0.043,0.138
3.0640,0.141,-0.017,0.177
3.0660,0.149,0.014,0.203
3.0680,0.225,0.010,0.225
3.0700,0.218,0.066,0.288
3.0720,0.246,0.036,0.275
3.0740,0.204,0.018,0.250
3.0760,0.192,0.002,0.233
3.0780,0.209,-0.018,0.249
3.0800,0.194,-0.032,0.261
3.0820,0.233,0.015,0.279
3.0840,0.263,0.047,0.320
3.0860,0.289,0.077,0.350
3.0880,0.319,0.067,0.355
3.0900,0.289,0.058,0.343
3.0920,0.248,0.031,0.323
3.0940,0.238,0.027,0.305
3.0960,0.249,-0.035,0.283
3.0980,0.264,0.002,0.317
3.1000,0.270,0.042,0.356
3.1020,0.310,0.057,0.366
3.1040,0.325,0.080,0.379
3.1060,0.320,0.072,0.380
3.1080,0.282,0.040,0.340
3.1100,0.261,0.021,0.303
3.1120,0.243,0.011,0.315
3.1140,0.265,0.006,0.299
3.1160,0.286,0.027,0.326
3.1180,0.301,0.059,0.343
3.1200,0.313,0.078,0.380
3.1220,0.313,0.055,0.368
3.1240,0.274,0.058,0.328
3.1260,0.235,0.016,0.280
3.1280,0.210,0.014,0.262
3.1300,0.205,0.002,0.263
3.1320,0.211,0.026,0.270
3.1340,0.248,0.027,0.289
3.1360,0.271,0.057,0.305
3.1380,0.241,0.050,0.308
3.1400,0.236,0.038,0.273
3.1420,0.196,0.031,0.240
3.1440,0.168,0.005,0.187
3.1460,0.146,-0.038,0.210
3.1480,0.132,-0.019,0.178
3.1500,0.152,0.010,0.201
3.1520,0.186,0.043,0.222
3.1540,0.201,0.025,0.213
3.1560,0.144,0.015,0.198
3.1580,0.140,0.012,0.162
3.1600,0.113,-0.048,0.112
3.1620,0.072,-0.048,0.103
3.1640,0.078,-0.037,0.073
3.1660,0.078,-0.013,0.128
3.1680,0.106,0.008,0.136
3.1700,0.099,0.022,0.144
3.1720,0.081,0.032,0.105
3.1740,0.091,0.002,0.086
3.1760,0.031,-0.040,0.075
3.1780,0.009,-0.055,0.079
3.1800,-0.010,-0.055,0.034
3.1820,0.002,-0.021,0.044
3.1840,0.040,-0.005,0.060
3.1860,0.052,0.023,0.061
3.1880,0.065,0.005,0.082
3.1900,0.045,-0.011,0.036
3.1920,0.010,-0.037,0.000
3.1940,-0.021,-0.063,-0.031
3.1960,-0.018,-0.083,-0.018
3.1980,-0.041,-0.044,-0.023
3.2000,-0.005,-0.022,0.003
3.2020,0.033,-0.010,0.025
3.2040,0.044,0.013,0.020
3.2060,0.000,-0.002,0.014
3.2080,-0.015,-0.022,-0.015
3.2100,-0.026,-0.076,-0.055
3.2120,-0.054,-0.078,-0.063
3.2140,-0.054,-0.071,-0.066
3.2160,-0.037,-0.040,-0.025
3.2180,-0.011,-0.026,0.004
3.2200,0.014,-0.030,-0.003
3.2220,0.005,-0.015,0.006
3.2240,-0.015,-0.024,0.009
3.2260,-0.044,-0.052,-0.056
3.2280,-0.076,-0.054,-0.061
3.2300,-0.064,-0.069,-0.068
3.2320,-0.017,-0.056,-0.038
3.2340,-0.045,-0.028,-0.019
3.2360,0.004,0.009,-0.004
3.2380,-0.004,-0.006,0.007
3.2400,-0.004,-0.016,-0.009
3.2420,-0.039,-0.056,-0.040
3.2440,-0.057,-0.051,-0.081
3.2460,-0.061,-0.072,-0.060
3.2480,-0.060,-0.073,-0.049
3.2500,-0.022,-0.038,-0.047
3.2520,-0.036,-0.003,-0.011
3.2540,0.024,0.001,0.002
3.2560,0.000,-0.012,-0.018
3.2580,-0.017,-0.039,-0.052
3.2600,-0.073,-0.055,-0.066
3.2620,-0.084,-0.079,-0.078
3.2640,-0.066,-0.074,-0.085
3.2660,-0.044,-0.061,-0.042
3.2680,-0.011,-0.014,-0.001
3.2700,0.017,0.002,0.014
3.2720,-0.019,-0.002,0.001
3.2740,-0.007,-0.016,-0.041
3.2760,-0.048,-0.039,-0.039
3.2780,-0.071,-0.061,-0.067
3.2800,-0.088,-0.064,-0.065
3.2820,-0.045,-0.055,-0.028
3.2840,-0.051,-0.029,-0.032
3.2860,0.010,-0.011,-0.032
3.2880,-0.010,0.001,-0.005
3.2900,-0.007,-0.007,-0.002
3.2920,-0.037,-0.045,-0.035
3.2940,-0.047,-0.060,-0.076
3.2960,-0.072,-0.082,-0.087
3.2980,-0.066,-0.077,-0.061
3.3000,-0.036,-0.020,-0.045
3.3020,0.013,-0.008,0.004
3.3040,0.017,0.001,0.006
3.3060,-0.002,-0.011,-0.005
3.3080,-0.026,-0.018,-0.032
3.3100,-0.070,-0.035,-0.048
3.3120,-0.062,-0.072,-0.066
3.3140,-0.082,-0.064,-0.059
3.3160,-0.028,-0.024,-0.035
3.3180,-0.006,-0.029,-0.008
3.3200,0.040,0.035,-0.001
3.3220,-0.003,0.039,0.001
3.3240,-0.012,-0.043,-0.016
3.3260,-0.019,-0.041,-0.015
3.3280,-0.047,-0.070,-0.077
3.3300,-0.071,-0.066,-0.068
3.3320,-0.041,-0.049,-0.042
3.3340,-0.014,-0.004,-0.018
3.3360,0.013,0.009,0.023
3.3380,0.008,0.005,0.012
3.3400,-0.001,-0.002,-0.002
3.3420,-0.047,-0.022,-0.018
3.3440,-0.052,-0.067,-0.032
3.3460,-0.057,-0.082,-0.045
3.3480,-0.052,-0.025,-0.051
3.3500,-0.041,-0.029,-0.022
3.3520,0.018,0.005,0.007
3.3540,0.024,0.014,0.021
3.3560,0.002,0.017,0.000
3.3580,-0.018,0.006,-0.004
3.3600,-0.061,-0.036,-0.041
3.3620,-0.071,-0.077,-0.059
3.3640,-0.059,-0.069,-0.068
3.3660,-0.014,-0.033,-0.028
3.3680,-0.007,-0.002,-0.022
3.3700,0.028,-0.001,0.013
3.3720,0.012,0.028,0.012
3.3740,0.000,-0.016,0.001
3.3760,-0.033,-0.014,-0.009
3.3780,-0.042,-0.031,-0.046
3.3800,-0.061,-0.057,-0.037
3.3820,-0.054,-0.030,-0.027
3.3840,-0.022,-0.020,0.008
3.3860,0.012,0.026,0.041
3.3880,0.009,0.018,0.016
3.3900,0.014,-0.004,-0.001
3.3920,-0.025,-0.023,-0.011
3.3940,-0.016,-0.050,-0.045
3.3960,-0.074,-0.057,-0.051
3.3980,-0.038,-0.029,-0.044
3.4000,-0.026,-0.022,-0.020
3.4020,0.009,0.036,0.034
3.4040,0.029,0.012,0.015
3.4060,-0.009,0.038,0.027
3.4080,-0.004,-0.019,0.000
3.4100,-0.012,-0.035,-0.054
3.4120,-0.055,-0.056,-0.060
3.4140,-0.041,-0.048,-0.052
3.4160,-0.008,-0.010,-0.013
3.4180,0.008,0.028,0.005
3.4200,0.022,0.043,0.028
3.4220,0.000,0.022,0.010
3.4240,0.014,0.008,0.034
3.4260,-0.024,-0.032,-0.022
3.4280,-0.056,-0.056,-0.038
3.4300,-0.044,-0.059,-0.052
3.4320,-0.033,-0.032,-0.034
3.4340,-0.003,0.006,0.026
3.4360,0.035,0.004,0.004
3.4380,0.017,0.033,0.037
3.4400,0.030,0.036,0.003
3.4420,-0.027,0.003,-0.015
3.4440,-0.044,-0.043,-0.043
3.4460,-0.021,-0.061,-0.056
3.4480,-0.018,-0.026,-0.031
3.4500,-0.003,-0.032,-0.035
3.4520,0.013,0.037,0.020
3.4540,0.031,0.034,0.036
3.4560,0.029,0.050,0.012
3.4580,0.003,-0.018,0.021
3.4600,-0.026,-0.014,-0.033
3.4620,-0.041,-0.042,-0.044
3.4640,-0.037,-0.039,-0.042
3.4660,-0.027,-0.027,-0.011
3.4680,0.014,0.026,0.035
3.4700,0.050,0.047,0.068
3.4720,0.022,0.059,0.047
3.4740,0.016,0.029,0.030
3.4760,-0.020,-0.019,0.009
3.4780,-0.029,-0.045,-0.029
3.4800,-0.035,-0.050,-0.014
3.4820,0.008,0.004,-0.003
3.4840,0.028,0.007,0.020
3.4860,0.033,0.060,0.049
3.4880,0.065,0.056,0.030
3.4900,0.036,0.040,0.043
3.4920,0.014,0.006,-0.005
3.4940,0.004,-0.006,-0.028
3.4960,-0.009,-0.020,-0.011
3.4980,0.027,-0.009,-0.010
3.5000,0.041,0.035,0.035
3.5020,0.078,0.056,0.070
3.5040,0.098,0.065,0.088
3.5060,0.099,0.077,0.072
3.5080,0.102,0.047,0.074
3.5100,0.078,0.030,0.040
3.5120,0.084,0.007,0.037
3.5140,0.106,0.008,0.030
3.5160,0.099,0.072,0.072
3.5180,0.150,0.103,0.122
3.5200,0.162,0.118,0.145
3.5220,0.172,0.104,0.127
3.5240,0.158,0.087,0.112
3.5260,0.128,0.080,0.081
3.5280,0.110,0.039,0.065
3.5300,0.121,0.035,0.056
3.5320,0.127,0.085,0.090
3.5340,0.180,0.090,0.128
3.5360,0.180,0.135,0.134
3.5380,0.227,0.101,0.145
3.5400,0.167,0.106,0.124
3.5420,0.138,0.093,0.107
3.5440,0.089,0.040,0.057
3.5460,0.108,0.024,0.043
3.5480,0.105,0.022,0.047
3.5500,0.114,0.073,0.065
3.5520,0.113,0.074,0.107
3.5540,0.136,0.091,0.106
3.5560,0.102,0.064,0.093
3.5580,0.099,0.068,0.077
3.5600,0.056,0.032,0.044
3.5620,0.024,-0.001,-0.012
3.5640,-0.007,-0.012,0.017
3.5660,0.029,0.042,0.032
3.5680,0.073,0.046,0.050
3.5700,0.094,0.054,0.076
3.5720,0.087,0.043,0.047
3.5740,0.030,0.033,0.062
3.5760,0.021,-0.007,0.019
3.5780,0.006,-0.019,-0.020
3.5800,-0.030,-0.005,-0.019
3.5820,0.008,0.000,-0.015
3.5840,0.039,0.038,0.031
3.5860,0.056,0.049,0.052
3.5880,0.042,0.064,0.047
3.5900,0.044,0.070,0.057
3.5920,0.016,0.015,0.034
3.5940,-0.008,-0.002,-0.007
3.5960,-0.022,-0.034,-0.019
3.5980,-0.008,0.015,0.002
3.6000,0.025,0.019,0.025
3.6020,0.058,0.065,0.040
3.6040,0.062,0.064,0.058
3.6060,0.052,0.064,0.053
3.6080,0.032,0.039,0.034
3.6100,-0.020,-0.002,0.003
3.6120,-0.006,0.001,-0.010
3.6140,-0.006,-0.015,-0.025
3.6160,0.018,0.027,0.026
3.6180,0.059,0.043,0.048
3.6200,0.043,0.071,0.097
3.6220,0.042,0.060,0.061
3.6240,0.047,0.045,0.048
3.6260,0.015,0.002,0.049
3.6280,-0.004,-0.003,-0.004
3.6300,-0.013,-0.007,-0.008
3.6320,0.020,0.005,0.000
3.6340,0.052,0.041,0.059
3.6360,0.071,0.067,0.051
3.6380,0.067,0.064,0.075
3.6400,0.028,0.055,0.047
3.6420,0.031,0.016,0.019
3.6440,0.007,0.031,-0.027
3.6460,-0.015,0.007,-0.010
3.6480,-0.029,0.010,-0.027
3.6500,0.006,0.049,-0.024
3.6520,0.024,0.040,0.019
3.6540,0.034,0.046,-0.003
3.6560,-0.012,0.065,-0.010
3.6580,-0.029,0.031,-0.029
3.6600,-0.033,0.020,-0.046
3.6620,-0.028,0.017,-0.058
3.6640,0.012,0.041,0.042
3.6660,0.126,0.055,0.144
3.6680,0.253,0.121,0.287
3.6700,0.385,0.160,0.455
3.6720,0.526,0.192,0.608
3.6740,0.656,0.193,0.802
3.6760,0.813,0.222,0.957
3.6780,0.925,0.217,1.148
3.6800,1.073,0.268,1.331
3.6820,1.215,0.276,1.503
3.6840,1.328,0.330,1.600
3.6860,1.346,0.331,1.679
3.6880,1.321,0.297,1.639
3.6900,1.212,0.230,1.502
3.6920,1.079,0.100,1.306
3.6940,0.876,-0.074,1.077
3.6960,0.694,-0.231,0.865
3.6980,0.532,-0.327,0.636
3.7000,0.366,-0.467,0.469
3.7020,0.245,-0.591,0.279
3.7040,0.119,-0.737,0.127
3.7060,0.021,-0.860,0.008
3.7080,-0.077,-0.925,-0.114
3.7100,-0.158,-0.946,-0.182
3.7120,-0.182,-0.922,-0.204
3.7140,-0.155,-0.791,-0.202
3.7160,-0.120,-0.639,-0.155
3.7180,-0.085,-0.499,-0.092
3.7200,-0.012,-0.355,-0.061
3.7220,-0.007,-0.255,-0.005
3.7240,0.025,-0.144,-0.001
3.7260,0.010,-0.115,0.001
3.7280,-0.006,-0.085,-0.007
3.7300,0.000,-0.039,-0.007
3.7320,0.021,-0.008,0.034
3.7340,0.065,0.045,0.053
3.7360,0.079,0.059,0.086
3.7380,0.093,0.100,0.087
3.7400,0.086,0.073,0.081
3.7420,0.041,0.061,0.044
3.7440,0.015,0.020,0.043
3.7460,0.000,0.012,0.038
3.7480,0.014,0.013,0.038
3.7500,0.033,0.064,0.074
3.7520,0.092,0.072,0.064
3.7540,0.118,0.090,0.079
3.7560,0.104,0.087,0.083
3.7580,0.042,0.063,0.062
3.7600,0.043,0.013,0.031
3.7620,0.036,0.015,-0.001
3.7640,0.019,0.034,0.038
3.7660,0.050,0.044,0.075
3.7680,0.055,0.075,0.094
3.7700,0.101,0.099,0.111
3.7720,0.084,0.094,0.099
3.7740,0.078,0.062,0.066
3.7760,0.028,0.045,0.048
3.7780,0.033,0.037,0.052
3.7800,0.037,0.011,0.021
3.7820,0.035,0.038,0.039
3.7840,0.061,0.056,0.088
3.7860,0.073,0.108,0.113
3.7880,0.102,0.102,0.096
3.7900,0.083,0.077,0.088
3.7920,0.044,0.061,0.057
3.7940,0.043,0.020,0.040
3.7960,0.025,0.014,0.044
3.7980,0.031,0.022,0.035
3.8000,0.066,0.054,0.086
3.8020,0.114,0.112,0.103
3.8040,0.122,0.100,0.144
3.8060,0.106,0.106,0.113
3.8080,0.091,0.065,0.084
3.8100,0.043,0.056,0.066
3.8120,0.043,0.020,0.041
3.8140,0.052,0.039,0.031
3.8160,0.071,0.064,0.076
3.8180,0.114,0.122,0.108
3.8200,0.121,0.121,0.114
3.8220,0.137,0.106,0.134
3.8240,0.119,0.101,0.092
3.8260,0.051,0.090,0.087
3.8280,0.083,0.025,0.076
3.8300,0.034,0.034,0.077
3.8320,0.086,0.061,0.094
3.8340,0.139,0.090,0.132
3.8360,0.151,0.116,0.153
3.8380,0.148,0.112,0.173
3.8400,0.142,0.130,0.164
3.8420,0.144,0.070,0.130
3.8440,0.089,0.060,0.125
3.8460,0.122,0.068,0.122
3.8480,0.127,0.070,0.137
3.8500,0.147,0.088,0.203
3.8520,0.189,0.113,0.208
3.8540,0.204,0.142,0.227
3.8560,0.225,0.129,0.224
3.8580,0.205,0.117,0.201
3.8600,0.155,0.072,0.202
3.8620,0.164,0.085,0.179
3.8640,0.172,0.085,0.196
3.8660,0.231,0.113,0.230
3.8680,0.238,0.160,0.264
3.8700,0.301,0.159,0.284
3.8720,0.289,0.157,0.309
3.8740,0.264,0.141,0.314
3.8760,0.250,0.118,0.288
3.8780,0.237,0.101,0.294
3.8800,0.239,0.094,0.293
3.8820,0.284,0.101,0.321
3.8840,0.307,0.151,0.377
3.8860,0.329,0.189,0.388
3.8880,0.366,0.195,0.407
3.8900,0.343,0.195,0.401
3.8920,0.336,0.178,0.402
3.8940,0.317,0.141,0.368
3.8960,0.317,0.142,0.361
3.8980,0.373,0.150,0.397
3.9000,0.385,0.191,0.417
3.9020,0.422,0.223,0.469
3.9040,0.418,0.227,0.489
3.9060,0.429,0.217,0.480
3.9080,0.420,0.182,0.470
3.9100,0.382,0.158,0.424
3.9120,0.394,0.140,0.433
3.9140,0.379,0.159,0.437
3.9160,0.418,0.168,0.505
3.9180,0.447,0.205,0.505
3.9200,0.477,0.199,0.518
3.9220,0.467,0.246,0.508
3.9240,0.452,0.202,0.520
3.9260,0.423,0.181,0.472
3.9280,0.395,0.172,0.445
3.9300,0.407,0.156,0.455
3.9320,0.422,0.189,0.476
3.9340,0.445,0.185,0.502
3.9360,0.461,0.252,0.515
3.9380,0.478,0.241,0.519
3.9400,0.446,0.214,0.499
3.9420,0.412,0.199,0.466
3.9440,0.386,0.141,0.435
3.9460,0.390,0.141,0.428
3.9480,0.360,0.173,0.421
3.9500,0.406,0.159,0.430
3.9520,0.394,0.214,0.457
3.9540,0.424,0.224,0.472
3.9560,0.424,0.230,0.423
3.9580,0.377,0.160,0.388
3.9600,0.336,0.167,0.382
3.9620,0.303,0.124,0.364
3.9640,0.307,0.128,0.326
3.9660,0.318,0.140,0.356
3.9680,0.332,0.169,0.368
3.9700,0.348,0.203,0.378
3.9720,0.343,0.181,0.373
3.9740,0.301,0.179,0.322
3.9760,0.262,0.131,0.285
3.9780,0.225,0.101,0.263
3.9800,0.235,0.105,0.253
3.9820,0.247,0.132,0.250
3.9840,0.264,0.151,0.292
3.9860,0.289,0.177,0.292
3.9880,0.276,0.188,0.289
3.9900,0.256,0.175,0.272
3.9920,0.219,0.128,0.230
3.9940,0.181,0.092,0.208
3.9960,0.160,0.095,0.170
3.9980,0.199,0.110,0.169
4.0000,0.188,0.113,0.202
4.0020,0.207,0.146,0.227
4.0040,0.227,0.159,0.218
4.0060,0.210,0.155,0.201
4.0080,0.160,0.121,0.188
4.0100,0.157,0.109,0.143
4.0120,0.122,0.065,0.113
4.0140,0.111,0.070,0.143
4.0160,0.159,0.108,0.143
4.0180,0.177,0.138,0.190
4.0200,0.170,0.141,0.191
4.0220,0.202,0.148,0.189
4.0240,0.164,0.129,0.158
4.0260,0.124,0.099,0.096
4.0280,0.119,0.084,0.090
4.0300,0.098,0.072,0.098
4.0320,0.113,0.116,0.121
4.0340,0.133,0.133,0.122
4.0360,0.170,0.141,0.165
4.0380,0.173,0.157,0.156
4.0400,0.150,0.142,0.155
4.0420,0.111,0.126,0.122
4.0440,0.095,0.079,0.104
4.0460,0.083,0.086,0.098
4.0480,0.080,0.090,0.102
4.0500,0.105,0.135,0.134
4.0520,0.156,0.160,0.146
4.0540,0.130,0.160,0.196
4.0560,0.155,0.145,0.138
4.0580,0.120,0.129,0.120
4.0600,0.113,0.092,0.109
4.0620,0.075,0.099,0.091
4.0640,0.095,0.086,0.093
4.0660,0.106,0.104,0.119
4.0680,0.141,0.133,0.115
4.0700,0.168,0.143,0.178
4.0720,0.151,0.162,0.155
4.0740,0.148,0.125,0.151
4.0760,0.095,0.119,0.082
4.0780,0.089,0.069,0.088
4.0800,0.095,0.084,0.077
4.0820,0.110,0.116,0.110
4.0840,0.155,0.106,0.136
4.0860,0.147,0.180,0.161
4.0880,0.145,0.156,0.149
4.0900,0.134,0.148,0.146
4.0920,0.126,0.125,0.116
4.0940,0.099,0.101,0.099
4.0960,0.085,0.087,0.096
4.0980,0.083,0.109,0.099
4.1000,0.134,0.131,0.109
4.1020,0.138,0.173,0.154
4.1040,0.179,0.171,0.196
4.1060,0.191,0.180,0.176
4.1080,0.135,0.142,0.095
4.1100,0.110,0.081,0.104
4.1120,0.081,0.119,0.099
4.1140,0.071,0.086,0.091
4.1160,0.110,0.135,0.112
4.1180,0.134,0.147,0.144
4.1200,0.149,0.179,0.173
4.1220,0.185,0.156,0.151
4.1240,0.147,0.151,0.158
4.1260,0.119,0.111,0.114
4.1280,0.090,0.112,0.082
4.1300,0.090,0.097,0.105
4.1320,0.123,0.122,0.092
4.1340,0.140,0.115,0.134
4.1360,0.171,0.164,0.158
4.1380,0.168,0.176,0.196
4.1400,0.151,0.158,0.147
4.1420,0.110,0.139,0.101
4.1440,0.078,0.097,0.095
4.1460,0.090,0.093,0.098
4.1480,0.106,0.120,0.115
4.1500,0.118,0.106,0.161
4.1520,0.161,0.168,0.178
4.1540,0.175,0.170,0.176
4.1560,0.139,0.154,0.155
4.1580,0.129,0.144,0.159
4.1600,0.117,0.126,0.107
4.1620,0.101,0.109,0.088
4.1640,0.088,0.101,0.097
4.1660,0.128,0.137,0.111
4.1680,0.168,0.166,0.150
4.1700,0.184,0.174,0.172
4.1720,0.172,0.165,0.182
4.1740,0.147,0.145,0.148
4.1760,0.116,0.133,0.108
4.1780,0.108,0.102,0.083
4.1800,0.103,0.088,0.103
4.1820,0.127,0.100,0.121
4.1840,0.151,0.159,0.143
4.1860,0.183,0.167,0.168
4.1880,0.181,0.183,0.184
4.1900,0.173,0.179,0.181
4.1920,0.146,0.120,0.126
4.1940,0.101,0.110,0.111
4.1960,0.080,0.100,0.113
4.1980,0.133,0.119,0.105
4.2000,0.145,0.157,0.142
4.2020,0.149,0.154,0.169
4.2040,0.174,0.190,0.167
4.2060,0.183,0.186,0.176
4.2080,0.145,0.146,0.149
4.2100,0.114,0.119,0.127
4.2120,0.122,0.110,0.091
4.2140,0.098,0.115,0.111
4.2160,0.125,0.142,0.152
4.2180,0.167,0.171,0.189
4.2200,0.188,0.172,0.199
4.2220,0.188,0.194,0.168
4.2240,0.172,0.175,0.166
4.2260,0.134,0.134,0.126
4.2280,0.117,0.093,0.114
4.2300,0.106,0.108,0.100
4.2320,0.129,0.131,0.108
4.2340,0.159,0.144,0.154
4.2360,0.185,0.178,0.191
4.2380,0.197,0.171,0.191
4.2400,0.179,0.180,0.177
4.2420,0.145,0.146,0.147
4.2440,0.109,0.099,0.124
4.2460,0.111,0.114,0.116
4.2480,0.123,0.122,0.120
4.2500,0.153,0.157,0.152
4.2520,0.205,0.174,0.199
4.2540,0.185,0.182,0.193
4.2560,0.187,0.173,0.183
4.2580,0.170,0.150,0.158
4.2600,0.130,0.129,0.126
4.2620,0.141,0.115,0.108
4.2640,0.115,0.117,0.122
4.2660,0.147,0.138,0.137
4.2680,0.163,0.169,0.171
4.2700,0.188,0.222,0.182
4.2720,0.193,0.181,0.192
4.2740,0.179,0.162,0.176
4.2760,0.144,0.180,0.138
4.2780,0.134,0.124,0.095
4.2800,0.116,0.101,0.125
4.2820,0.133,0.147,0.138
4.2840,0.199,0.155,0.154
4.2860,0.195,0.201,0.200
4.2880,0.188,0.194,0.180
4.2900,0.173,0.176,0.194
4.2920,0.142,0.172,0.152
4.2940,0.140,0.134,0.101
4.2960,0.116,0.131,0.122
4.2980,0.135,0.137,0.128
4.3000,0.162,0.155,0.155
4.3020,0.200,0.196,0.181
4.3040,0.196,0.217,0.202
4.3060,0.186,0.196,0.190
4.3080,0.179,0.192,0.150
4.3100,0.158,0.153,0.161
4.3120,0.142,0.132,0.130
4.3140,0.138,0.140,0.132
4.3160,0.185,0.165,0.154
4.3180,0.202,0.180,0.210
4.3200,0.230,0.216,0.208
4.3220,0.230,0.221,0.228
4.3240,0.243,0.195,0.203
4.3260,0.213,0.179,0.180
4.3280,0.200,0.158,0.157
4.3300,0.215,0.169,0.167
4.3320,0.261,0.191,0.200
4.3340,0.246,0.219,0.238
4.3360,0.291,0.229,0.256
4.3380,0.307,0.277,0.276
4.3400,0.297,0.242,0.278
4.3420,0.273,0.218,0.224
4.3440,0.264,0.192,0.223
4.3460,0.250,0.185,0.207
4.3480,0.286,0.224,0.222
4.3500,0.314,0.251,0.267
4.3520,0.349,0.269,0.287
4.3540,0.363,0.275,0.292
4.3560,0.354,0.275,0.313
4.3580,0.314,0.241,0.281
4.3600,0.312,0.208,0.216
4.3620,0.269,0.197,0.202
4.3640,0.243,0.190,0.229
4.3660,0.270,0.219,0.237
4.3680,0.283,0.244,0.283
4.3700,0.314,0.264,0.286
4.3720,0.302,0.244,0.274
4.3740,0.268,0.234,0.231
4.3760,0.259,0.181,0.214
4.3780,0.212,0.160,0.166
4.3800,0.204,0.155,0.190
4.3820,0.195,0.164,0.193
4.3840,0.216,0.215,0.202
4.3860,0.246,0.212,0.241
4.3880,0.247,0.218,0.260
4.3900,0.202,0.224,0.212
4.3920,0.188,0.171,0.189
4.3940,0.161,0.148,0.149
4.3960,0.146,0.128,0.144
4.3980,0.148,0.161,0.136
4.4000,0.177,0.188,0.180
4.4020,0.206,0.213,0.206
4.4040,0.221,0.223,0.239
4.4060,0.217,0.208,0.186
4.4080,0.196,0.174,0.178
4.4100,0.150,0.142,0.168
4.4120,0.132,0.152,0.134
4.4140,0.148,0.151,0.140
4.4160,0.174,0.157,0.156
4.4180,0.190,0.195,0.184
4.4200,0.224,0.210,0.192
4.4220,0.224,0.199,0.205
4.4240,0.207,0.193,0.179
4.4260,0.183,0.157,0.163
4.4280,0.130,0.129,0.131
4.4300,0.139,0.121,0.133
4.4320,0.158,0.139,0.152
4.4340,0.186,0.183,0.187
4.4360,0.204,0.210,0.205
4.4380,0.199,0.207,0.204
4.4400,0.203,0.209,0.203
4.4420,0.164,0.173,0.186
4.4440,0.149,0.155,0.149
4.4460,0.129,0.137,0.132
4.4480,0.138,0.142,0.150
4.4500,0.182,0.181,0.155
4.4520,0.209,0.192,0.205
4.4540,0.227,0.226,0.215
4.4560,0.237,0.200,0.199
4.4580,0.188,0.196,0.176
4.4600,0.162,0.153,0.151
4.4620,0.126,0.154,0.150
4.4640,0.127,0.134,0.154
4.4660,0.182,0.163,0.150
4.4680,0.175,0.205,0.177
4.4700,0.185,0.234,0.187
4.4720,0.185,0.238,0.188
4.4740,0.151,0.198,0.145
4.4760,0.100,0.191,0.100
4.4780,0.077,0.146,0.074
4.4800,0.091,0.163,0.056
4.4820,0.094,0.161,0.109
4.4840,0.139,0.213,0.150
4.4860,0.233,0.212,0.216
4.4880,0.298,0.245,0.307
4.4900,0.356,0.266,0.417
4.4920,0.428,0.239,0.506
4.4940,0.547,0.261,0.662
4.4960,0.699,0.290,0.821
4.4980,0.890,0.321,1.033
4.5000,1.055,0.378,1.280
4.5020,1.246,0.442,1.476
4.5040,1.395,0.473,1.665
4.5060,1.437,0.485,1.758
4.5080,1.491,0.455,1.765
4.5100,1.420,0.393,1.727
4.5120,1.353,0.346,1.621
4.5140,1.241,0.241,1.493
4.5160,1.120,0.179,1.346
4.5180,0.965,0.043,1.130
4.5200,0.762,-0.082,0.931
4.5220,0.597,-0.237,0.700
4.5240,0.421,-0.422,0.475
4.5260,0.246,-0.615,0.270
4.5280,0.122,-0.737,0.105
4.5300,0.044,-0.806,0.020
4.5320,0.013,-0.813,-0.028
4.5340,0.011,-0.732,-0.033
4.5360,0.015,-0.612,0.014
4.5380,0.054,-0.509,0.027
4.5400,0.073,-0.394,0.037
4.5420,0.056,-0.289,0.062
4.5440,0.079,-0.218,0.032
4.5460,0.098,-0.100,0.090
4.5480,0.122,-0.022,0.101
4.5500,0.126,0.072,0.160
4.5520,0.186,0.176,0.191
4.5540,0.243,0.188,0.208
4.5560,0.210,0.191,0.231
4.5580,0.169,0.198,0.215
4.5600,0.181,0.151,0.163
4.5620,0.152,0.144,0.155
4.5640,0.171,0.172,0.158
4.5660,0.185,0.182,0.203
4.5680,0.217,0.192,0.186
4.5700,0.235,0.237,0.235
4.5720,0.237,0.224,0.220
4.5740,0.235,0.226,0.179
4.5760,0.190,0.171,0.174
4.5780,0.138,0.169,0.179
4.5800,0.161,0.177,0.148
4.5820,0.188,0.164,0.184
4.5840,0.218,0.201,0.218
4.5860,0.223,0.232,0.228
4.5880,0.248,0.223,0.235
4.5900,0.229,0.221,0.198
4.5920,0.221,0.187,0.182
4.5940,0.156,0.161,0.176
4.5960,0.150,0.156,0.157
4.5980,0.165,0.169,0.173
4.6000,0.191,0.197,0.198
4.6020,0.214,0.216,0.251
4.6040,0.204,0.229,0.232
4.6060,0.223,0.226,0.248
4.6080,0.208,0.201,0.205
4.6100,0.170,0.168,0.196
4.6120,0.184,0.162,0.146
4.6140,0.167,0.142,0.169
4.6160,0.207,0.179,0.187
4.6180,0.224,0.214,0.224
4.6200,0.251,0.226,0.256
4.6220,0.243,0.254,0.245
4.6240,0.236,0.214,0.235
4.6260,0.192,0.187,0.184
4.6280,0.177,0.158,0.163
4.6300,0.175,0.162,0.172
4.6320,0.187,0.167,0.192
4.6340,0.227,0.210,0.222
4.6360,0.274,0.225,0.238
4.6380,0.252,0.239,0.272
4.6400,0.246,0.197,0.240
4.6420,0.230,0.186,0.235
4.6440,0.206,0.192,0.196
4.6460,0.186,0.176,0.197
4.6480,0.172,0.196,0.212
4.6500,0.238,0.225,0.226
4.6520,0.236,0.245,0.272
4.6540,0.296,0.245,0.308
4.6560,0.276,0.230,0.283
4.6580,0.264,0.232,0.270
4.6600,0.217,0.192,0.244
4.6620,0.198,0.206,0.229
4.6640,0.231,0.179,0.239
4.6660,0.256,0.233,0.273
4.6680,0.286,0.238,0.311
4.6700,0.317,0.277,0.311
4.6720,0.354,0.281,0.336
4.6740,0.316,0.229,0.317
4.6760,0.296,0.208,0.293
4.6780,0.279,0.182,0.300
4.6800,0.293,0.180,0.282
4.6820,0.299,0.224,0.302
4.6840,0.314,0.245,0.367
4.6860,0.369,0.274,0.373
4.6880,0.395,0.289,0.382
4.6900,0.366,0.246,0.411
4.6920,0.356,0.258,0.383
4.6940,0.333,0.216,0.372
4.6960,0.360,0.220,0.362
4.6980,0.373,0.236,0.374
4.7000,0.408,0.275,0.415
4.7020,0.445,0.288,0.464
4.7040,0.459,0.279,0.475
4.7060,0.462,0.299,0.496
4.7080,0.430,0.277,0.472
4.7100,0.398,0.237,0.462
4.7120,0.420,0.238,0.456
4.7140,0.436,0.240,0.475
4.7160,0.480,0.255,0.510
4.7180,0.522,0.311,0.539
4.7200,0.549,0.317,0.573
4.7220,0.524,0.319,0.581
4.7240,0.518,0.299,0.536
4.7260,0.505,0.292,0.552
4.7280,0.515,0.258,0.532
4.7300,0.507,0.259,0.542
4.7320,0.527,0.273,0.545
4.7340,0.543,0.315,0.591
4.7360,0.565,0.351,0.611
4.7380,0.594,0.349,0.643
4.7400,0.559,0.334,0.605
4.7420,0.543,0.306,0.585
4.7440,0.521,0.257,0.578
4.7460,0.533,0.254,0.557
4.7480,0.523,0.275,0.566
4.7500,0.525,0.296,0.615
4.7520,0.587,0.319,0.642
4.7540,0.583,0.321,0.650
4.7560,0.581,0.318,0.639
4.7580,0.550,0.304,0.597
4.7600,0.516,0.277,0.565
4.7620,0.509,0.252,0.539
4.7640,0.481,0.266,0.549
4.7660,0.512,0.282,0.558
4.7680,0.550,0.328,0.581
4.7700,0.546,0.330,0.605
4.7720,0.526,0.337,0.603
4.7740,0.524,0.307,0.563
4.7760,0.492,0.256,0.542
4.7780,0.449,0.248,0.481
4.7800,0.416,0.230,0.456
4.7820,0.458,0.260,0.495
4.7840,0.450,0.279,0.497
4.7860,0.488,0.314,0.516
4.7880,0.470,0.297,0.493
4.7900,0.442,0.294,0.477
4.7920,0.412,0.270,0.431
4.7940,0.380,0.246,0.407
4.7960,0.356,0.214,0.388
4.7980,0.374,0.233,0.395
4.8000,0.380,0.260,0.426
4.8020,0.416,0.301,0.436
4.8040,0.411,0.275,0.411
4.8060,0.381,0.270,0.419
4.8080,0.345,0.286,0.377
4.8100,0.299,0.219,0.336
4.8120,0.298,0.181,0.312
4.8140,0.288,0.200,0.312
4.8160,0.280,0.196,0.316
4.8180,0.324,0.259,0.343
4.8200,0.331,0.282,0.370
4.8220,0.352,0.258,0.338
4.8240,0.285,0.240,0.305
4.8260,0.253,0.226,0.280
4.8280,0.256,0.170,0.239
4.8300,0.252,0.172,0.224
4.8320,0.240,0.203,0.254
4.8340,0.266,0.224,0.299
4.8360,0.300,0.252,0.299
4.8380,0.266,0.245,0.303
4.8400,0.252,0.246,0.255
4.8420,0.238,0.212,0.253
4.8440,0.231,0.193,0.219
4.8460,0.195,0.179,0.197
4.8480,0.211,0.191,0.216
4.8500,0.248,0.198,0.240
4.8520,0.284,0.248,0.250
4.8540,0.262,0.250,0.276
4.8560,0.258,0.242,0.275
4.8580,0.252,0.230,0.230
4.8600,0.182,0.180,0.192
4.8620,0.195,0.189,0.182
4.8640,0.174,0.195,0.199
4.8660,0.210,0.210,0.196
4.8680,0.234,0.218,0.245
4.8700,0.243,0.222,0.248
4.8720,0.240,0.259,0.256
4.8740,0.233,0.226,0.224
4.8760,0.211,0.186,0.193
4.8780,0.175,0.187,0.196
4.8800,0.175,0.161,0.158
4.8820,0.200,0.185,0.199
4.8840,0.210,0.225,0.243
4.8860,0.254,0.229,0.253
4.8880,0.260,0.247,0.234
4.8900,0.265,0.245,0.219
4.8920,0.200,0.206,0.196
4.8940,0.173,0.193,0.181
4.8960,0.179,0.182,0.172
4.8980,0.192,0.181,0.167
4.9000,0.203,0.180,0.199
4.9020,0.231,0.222,0.227
4.9040,0.255,0.257,0.247
4.9060,0.230,0.220,0.263
4.9080,0.209,0.209,0.202
4.9100,0.186,0.189,0.173
4.9120,0.181,0.186,0.156
4.9140,0.167,0.167,0.182
4.9160,0.176,0.190,0.198
4.9180,0.204,0.227,0.217
4.9200,0.231,0.250,0.242
4.9220,0.228,0.242,0.235
4.9240,0.221,0.235,0.226
4.9260,0.179,0.184,0.225
4.9280,0.163,0.173,0.178
4.9300,0.161,0.175,0.169
4.9320,0.183,0.184,0.181
4.9340,0.234,0.228,0.202
4.9360,0.249,0.243,0.250
4.9380,0.247,0.256,0.255
4.9400,0.226,0.234,0.226
4.9420,0.197,0.207,0.217
4.9440,0.181,0.169,0.177
4.9460,0.175,0.160,0.177
4.9480,0.169,0.195,0.184
4.9500,0.208,0.215,0.205
4.9520,0.210,0.223,0.223
4.9540,0.250,0.250,0.246
4.9560,0.247,0.210,0.248
4.9580,0.209,0.206,0.206
4.9600,0.206,0.195,0.189
4.9620,0.157,0.167,0.155
4.9640,0.176,0.175,0.183
4.9660,0.197,0.161,0.201
4.9680,0.225,0.222,0.212
4.9700,0.244,0.249,0.243
4.9720,0.245,0.249,0.254
4.9740,0.232,0.233,0.207
4.9760,0.209,0.190,0.179
4.9780,0.171,0.169,0.170
4.9800,0.179,0.153,0.194
4.9820,0.179,0.185,0.180
4.9840,0.226,0.202,0.223
4.9860,0.231,0.218,0.244
4.9880,0.259,0.233,0.239
4.9900,0.257,0.248,0.232
4.9920,0.200,0.198,0.196
4.9940,0.149,0.178,0.171
4.9960,0.160,0.160,0.147
4.9980,0.194,0.158,0.179
5.0000,0.213,0.218,0.217
5.0020,0.237,0.208,0.234
5.0040,0.258,0.240,0.259
5.0060,0.243,0.236,0.244
5.0080,0.226,0.214,0.210
5.0100,0.194,0.174,0.175
5.0120,0.185,0.145,0.161
5.0140,0.176,0.163,0.155
5.0160,0.207,0.187,0.193
5.0180,0.221,0.216,0.227
5.0200,0.237,0.255,0.264
5.0220,0.262,0.227,0.248
5.0240,0.223,0.224,0.210
5.0260,0.200,0.193,0.174
5.0280,0.171,0.181,0.167
5.0300,0.160,0.166,0.177
5.0320,0.186,0.195,0.183
5.0340,0.232,0.213,0.222
5.0360,0.246,0.244,0.237
5.0380,0.224,0.226,0.253
5.0400,0.226,0.197,0.209
5.0420,0.221,0.204,0.219
5.0440,0.171,0.179,0.161
5.0460,0.143,0.170,0.174
5.0480,0.200,0.171,0.174
5.0500,0.213,0.222,0.203
5.0520,0.231,0.226,0.229
5.0540,0.240,0.249,0.247
5.0560,0.248,0.242,0.241
5.0580,0.203,0.230,0.222
5.0600,0.194,0.177,0.197
5.0620,0.171,0.157,0.169
5.0640,0.173,0.152,0.191
5.0660,0.196,0.212,0.195
5.0680,0.221,0.228,0.236
5.0700,0.254,0.247,0.247
5.0720,0.229,0.277,0.233
5.0740,0.199,0.222,0.220
5.0760,0.196,0.173,0.195
5.0780,0.175,0.165,0.167
5.0800,0.171,0.153,0.170
5.0820,0.189,0.179,0.194
5.0840,0.209,0.208,0.212
5.0860,0.246,0.229,0.201
5.0880,0.241,0.225,0.262
5.0900,0.220,0.245,0.222
5.0920,0.194,0.201,0.187
5.0940,0.196,0.169,0.158
5.0960,0.141,0.171,0.158
5.0980,0.181,0.180,0.168
5.1000,0.182,0.205,0.193
5.1020,0.228,0.237,0.221
5.1040,0.236,0.243,0.248
5.1060,0.207,0.240,0.257
5.1080,0.211,0.215,0.216
5.1100,0.173,0.180,0.191
5.1120,0.137,0.159,0.157
5.1140,0.177,0.186,0.169
5.1160,0.208,0.185,0.196
5.1180,0.238,0.225,0.212
5.1200,0.243,0.244,0.234
5.1220,0.237,0.229,0.247
5.1240,0.231,0.206,0.228
5.1260,0.206,0.181,0.187
5.1280,0.178,0.158,0.150
5.1300,0.151,0.145,0.159
5.1320,0.184,0.173,0.164
5.1340,0.216,0.213,0.211
5.1360,0.213,0.249,0.237
5.1380,0.246,0.246,0.237
5.1400,0.252,0.193,0.227
5.1420,0.205,0.203,0.201
5.1440,0.190,0.163,0.174
5.1460,0.166,0.167,0.148
5.1480,0.177,0.174,0.173
5.1500,0.212,0.200,0.209
5.1520,0.227,0.230,0.252
5.1540,0.240,0.244,0.244
5.1560,0.261,0.253,0.247
5.1580,0.240,0.213,0.227
5.1600,0.188,0.199,0.189
5.1620,0.201,0.184,0.193
5.1640,0.199,0.189,0.202
5.1660,0.234,0.186,0.232
5.1680,0.272,0.253,0.255
5.1700,0.305,0.256,0.302
5.1720,0.300,0.272,0.270
5.1740,0.303,0.234,0.287
5.1760,0.269,0.206,0.247
5.1780,0.260,0.227,0.238
5.1800,0.250,0.194,0.222
5.1820,0.313,0.242,0.260
5.1840,0.330,0.263,0.302
5.1860,0.365,0.283,0.301
5.1880,0.349,0.297,0.322
5.1900,0.348,0.268,0.286
5.1920,0.349,0.257,0.284
5.1940,0.315,0.220,0.253
5.1960,0.281,0.220,0.252
5.1980,0.330,0.248,0.302
5.2000,0.337,0.267,0.314
5.2020,0.385,0.272,0.302
5.2040,0.376,0.311,0.336
5.2060,0.365,0.289,0.326
5.2080,0.344,0.254,0.282
5.2100,0.283,0.237,0.255
5.2120,0.258,0.206,0.235
5.2140,0.265,0.196,0.215
5.2160,0.292,0.251,0.236
5.2180,0.286,0.254,0.274
5.2200,0.291,0.267,0.286
5.2220,0.310,0.257,0.268
5.2240,0.263,0.251,0.240
5.2260,0.228,0.197,0.213
5.2280,0.181,0.159,0.198
5.2300,0.186,0.165,0.180
5.2320,0.207,0.204,0.215
5.2340,0.241,0.225,0.212
5.2360,0.240,0.233,0.243
5.2380,0.270,0.256,0.239
5.2400,0.222,0.231,0.232
5.2420,0.190,0.188,0.185
5.2440,0.188,0.162,0.190
5.2460,0.161,0.158,0.135
5.2480,0.162,0.156,0.187
5.2500,0.193,0.192,0.194
5.2520,0.237,0.222,0.226
5.2540,0.250,0.210,0.247
5.2560,0.212,0.219,0.232
5.2580,0.195,0.191,0.186
5.2600,0.167,0.178,0.173
5.2620,0.138,0.127,0.172
5.2640,0.154,0.150,0.144
5.2660,0.179,0.173,0.204
5.2680,0.221,0.219,0.212
5.2700,0.240,0.225,0.221
5.2720,0.220,0.245,0.213
5.2740,0.199,0.210,0.199
5.2760,0.180,0.167,0.149
5.2780,0.144,0.153,0.146
5.2800,0.156,0.144,0.145
5.2820,0.166,0.177,0.154
5.2840,0.184,0.180,0.205
5.2860,0.208,0.210,0.217
5.2880,0.242,0.230,0.217
5.2900,0.207,0.224,0.205
5.2920,0.200,0.154,0.184
5.2940,0.148,0.171,0.155
5.2960,0.148,0.143,0.136
5.2980,0.186,0.135,0.159
5.3000,0.171,0.148,0.183
5.3020,0.188,0.193,0.197
5.3040,0.238,0.224,0.219
5.3060,0.202,0.214,0.218
5.3080,0.183,0.196,0.190
5.3100,0.144,0.153,0.147
5.3120,0.133,0.130,0.135
5.3140,0.115,0.144,0.110
5.3160,0.137,0.173,0.122
5.3180,0.162,0.205,0.145
5.3200,0.151,0.212,0.170
5.3220,0.144,0.231,0.141
5.3240,0.123,0.194,0.111
5.3260,0.089,0.165,0.113
5.3280,0.102,0.153,0.098
5.3300,0.148,0.178,0.177
5.3320,0.223,0.195,0.240
5.3340,0.341,0.234,0.370
5.3360,0.479,0.299,0.540
5.3380,0.610,0.347,0.708
5.3400,0.762,0.339,0.873
5.3420,0.906,0.358,1.085
5.3440,1.021,0.364,1.234
5.3460,1.176,0.366,1.414
5.3480,1.307,0.410,1.572
5.3500,1.430,0.432,1.706
5.3520,1.511,0.466,1.802
5.3540,1.496,0.445,1.764
5.3560,1.391,0.384,1.678
5.3580,1.276,0.272,1.519
5.3600,1.102,0.138,1.321
5.3620,0.891,-0.004,1.067
5.3640,0.724,-0.163,0.852
5.3660,0.545,-0.327,0.647
5.3680,0.398,-0.448,0.487
5.3700,0.294,-0.585,0.297
5.3720,0.157,-0.679,0.186
5.3740,0.073,-0.765,0.055
5.3760,0.012,-0.813,-0.022
5.3780,-0.070,-0.811,-0.092
5.3800,-0.065,-0.720,-0.085
5.3820,-0.028,-0.597,-0.050
5.3840,0.038,-0.446,-0.002
5.3860,0.086,-0.268,0.052
5.3880,0.141,-0.140,0.100
5.3900,0.145,-0.050,0.122
5.3920,0.131,-0.014,0.107
5.3940,0.115,0.043,0.104
5.3960,0.120,0.057,0.089
5.3980,0.124,0.112,0.128
5.4000,0.176,0.143,0.177
5.4020,0.182,0.184,0.204
5.4040,0.219,0.176,0.208
5.4060,0.215,0.195,0.204
5.4080,0.178,0.175,0.165
5.4100,0.144,0.141,0.166
5.4120,0.135,0.151,0.155
5.4140,0.101,0.122,0.138
5.4160,0.163,0.152,0.190
5.4180,0.187,0.177,0.180
5.4200,0.206,0.200,0.192
5.4220,0.213,0.217,0.196
5.4240,0.182,0.201,0.180
5.4260,0.140,0.145,0.181
5.4280,0.130,0.123,0.128
5.4300,0.130,0.115,0.119
5.4320,0.150,0.163,0.137
5.4340,0.179,0.190,0.191
5.4360,0.213,0.199,0.213
5.4380,0.193,0.189,0.201
5.4400,0.192,0.174,0.168
5.4420,0.177,0.163,0.148
5.4440,0.115,0.141,0.157
5.4460,0.129,0.101,0.135
5.4480,0.132,0.134,0.140
5.4500,0.162,0.184,0.189
5.4520,0.183,0.189,0.218
5.4540,0.205,0.222,0.207
5.4560,0.220,0.203,0.198
5.4580,0.157,0.156,0.166
5.4600,0.130,0.137,0.141
5.4620,0.113,0.123,0.111
5.4640,0.155,0.119,0.117
5.4660,0.153,0.142,0.139
5.4680,0.188,0.201,0.203
5.4700,0.203,0.190,0.190
5.4720,0.196,0.213,0.232
5.4740,0.184,0.173,0.179
5.4760,0.187,0.149,0.181
5.4780,0.154,0.134,0.135
5.4800,0.127,0.119,0.121
5.4820,0.165,0.152,0.175
5.4840,0.178,0.150,0.208
5.4860,0.193,0.204,0.206
5.4880,0.234,0.175,0.221
5.4900,0.222,0.186,0.201
5.4920,0.195,0.171,0.185
5.4940,0.153,0.143,0.165
5.4960,0.151,0.112,0.154
5.4980,0.178,0.126,0.153
5.5000,0.204,0.160,0.199
5.5020,0.226,0.199,0.246
5.5040,0.228,0.186,0.252
5.5060,0.244,0.202,0.247
5.5080,0.234,0.181,0.219
5.5100,0.183,0.147,0.200
5.5120,0.195,0.142,0.214
5.5140,0.202,0.145,0.196
5.5160,0.237,0.161,0.248
5.5180,0.274,0.175,0.277
5.5200,0.280,0.220,0.305
5.5220,0.274,0.207,0.299
5.5240,0.272,0.192,0.291
5.5260,0.267,0.177,0.274
5.5280,0.236,0.169,0.255
5.5300,0.240,0.151,0.272
5.5320,0.254,0.179,0.302
5.5340,0.334,0.187,0.361
5.5360,0.355,0.233,0.372
5.5380,0.369,0.237,0.361
5.5400,0.364,0.239,0.392
5.5420,0.340,0.192,0.358
5.5440,0.313,0.172,0.369
5.5460,0.314,0.181,0.364
5.5480,0.333,0.182,0.363
5.5500,0.406,0.199,0.415
5.5520,0.417,0.273,0.437
5.5540,0.427,0.244,0.467
5.5560,0.437,0.249,0.476
5.5580,0.402,0.231,0.466
5.5600,0.412,0.203,0.444
5.5620,0.379,0.184,0.428
5.5640,0.406,0.192,0.471
5.5660,0.444,0.217,0.469
5.5680,0.472,0.237,0.492
5.5700,0.494,0.297,0.520
5.5720,0.497,0.268,0.560
5.5740,0.481,0.258,0.527
5.5760,0.450,0.218,0.506
5.5780,0.435,0.198,0.481
5.5800,0.460,0.195,0.485
5.5820,0.463,0.202,0.504
5.5840,0.487,0.248,0.551
5.5860,0.516,0.269,0.570
5.5880,0.542,0.294,0.584
5.5900,0.522,0.250,0.568
5.5920,0.492,0.228,0.530
5.5940,0.456,0.198,0.491
5.5960,0.455,0.216,0.479
5.5980,0.451,0.200,0.544
5.6000,0.480,0.244,0.550
5.6020,0.519,0.275,0.572
5.6040,0.526,0.273,0.556
5.6060,0.490,0.247,0.550
5.6080,0.460,0.220,0.508
5.6100,0.438,0.216,0.467
5.6120,0.435,0.173,0.452
5.6140,0.390,0.196,0.473
5.6160,0.433,0.214,0.483
5.6180,0.434,0.244,0.481
5.6200,0.454,0.261,0.499
5.6220,0.447,0.240,0.500
5.6240,0.416,0.215,0.453
5.6260,0.376,0.203,0.421
5.6280,0.351,0.162,0.392
5.6300,0.333,0.132,0.380
5.6320,0.331,0.189,0.386
5.6340,0.378,0.194,0.393
5.6360,0.392,0.233,0.407
5.6380,0.388,0.247,0.394
5.6400,0.334,0.211,0.362
5.6420,0.318,0.192,0.340
5.6440,0.287,0.153,0.314
5.6460,0.248,0.158,0.268
5.6480,0.264,0.136,0.290
5.6500,0.280,0.173,0.313
5.6520,0.322,0.205,0.298
5.6540,0.327,0.205,0.320
5.6560,0.266,0.209,0.324
5.6580,0.282,0.162,0.276
5.6600,0.204,0.161,0.209
5.6620,0.204,0.143,0.215
5.6640,0.202,0.124,0.195
5.6660,0.195,0.149,0.228
5.6680,0.235,0.183,0.233
5.6700,0.240,0.171,0.252
5.6720,0.240,0.166,0.237
5.6740,0.208,0.173,0.215
5.6760,0.185,0.130,0.173
5.6780,0.145,0.101,0.149
5.6800,0.135,0.100,0.130
5.6820,0.164,0.089,0.164
5.6840,0.183,0.143,0.184
5.6860,0.204,0.158,0.182
5.6880,0.189,0.182,0.214
5.6900,0.165,0.166,0.180
5.6920,0.139,0.131,0.152
5.6940,0.109,0.102,0.129
5.6960,0.114,0.069,0.112
5.6980,0.126,0.106,0.131
5.7000,0.137,0.133,0.138
5.7020,0.181,0.166,0.179
5.7040,0.191,0.188,0.178
5.7060,0.166,0.133,0.171
5.7080,0.125,0.122,0.142
5.7100,0.124,0.088,0.122
5.7120,0.087,0.083,0.098
5.7140,0.093,0.085,0.088
5.7160,0.110,0.106,0.107
5.7180,0.131,0.149,0.142
5.7200,0.142,0.142,0.151
5.7220,0.164,0.140,0.145
5.7240,0.125,0.118,0.109
5.7260,0.140,0.096,0.085
5.7280,0.068,0.064,0.105
5.7300,0.063,0.075,0.071
5.7320,0.102,0.092,0.120
5.7340,0.143,0.114,0.130
5.7360,0.149,0.157,0.148
5.7380,0.160,0.151,0.135
5.7400,0.114,0.148,0.136
5.7420,0.099,0.104,0.130
5.7440,0.068,0.080,0.100
5.7460,0.048,0.064,0.074
5.7480,0.084,0.082,0.069
5.7500,0.083,0.118,0.098
5.7520,0.121,0.131,0.127
5.7540,0.142,0.155,0.164
5.7560,0.129,0.129,0.159
5.7580,0.118,0.122,0.115
5.7600,0.087,0.077,0.080
5.7620,0.078,0.078,0.086
5.7640,0.082,0.073,0.061
5.7660,0.110,0.114,0.097
5.7680,0.125,0.111,0.130
5.7700,0.147,0.125,0.133
5.7720,0.147,0.133,0.133
5.7740,0.121,0.102,0.110
5.7760,0.084,0.072,0.106
5.7780,0.063,0.074,0.090
5.7800,0.055,0.065,0.066
5.7820,0.088,0.077,0.080
5.7840,0.111,0.107,0.105
5.7860,0.127,0.128,0.135
5.7880,0.132,0.160,0.134
5.7900,0.110,0.115,0.123
5.7920,0.107,0.079,0.100
5.7940,0.070,0.078,0.064
5.7960,0.049,0.057,0.057
5.7980,0.081,0.096,0.069
5.8000,0.092,0.092,0.095
5.8020,0.108,0.136,0.120
5.8040,0.150,0.150,0.147
5.8060,0.122,0.122,0.107
5.8080,0.097,0.093,0.121
5.8100,0.073,0.082,0.074
5.8120,0.070,0.063,0.064
5.8140,0.062,0.045,0.070
5.8160,0.071,0.071,0.077
5.8180,0.120,0.083,0.103
5.8200,0.126,0.139,0.120
5.8220,0.152,0.127,0.127
5.8240,0.108,0.106,0.116
5.8260,0.051,0.058,0.071
5.8280,0.060,0.043,0.063
5.8300,0.077,0.048,0.025
5.8320,0.091,0.064,0.068
5.8340,0.123,0.102,0.115
5.8360,0.112,0.131,0.122
5.8380,0.140,0.157,0.119
5.8400,0.105,0.113,0.105
5.8420,0.087,0.098,0.048
5.8440,0.043,0.048,0.046
5.8460,0.041,0.028,0.061
5.8480,0.052,0.056,0.054
5.8500,0.098,0.068,0.082
5.8520,0.124,0.115,0.086
5.8540,0.130,0.117,0.107
5.8560,0.101,0.094,0.131
5.8580,0.087,0.112,0.098
5.8600,0.053,0.055,0.046
5.8620,0.056,0.026,0.038
5.8640,0.065,0.061,0.050
5.8660,0.087,0.065,0.060
5.8680,0.094,0.116,0.079
5.8700,0.088,0.112,0.119
5.8720,0.098,0.112,0.126
5.8740,0.114,0.101,0.104
5.8760,0.062,0.074,0.077
5.8780,0.036,0.054,0.026
5.8800,0.062,0.042,0.043
5.8820,0.076,0.067,0.058
5.8840,0.090,0.099,0.089
5.8860,0.110,0.116,0.111
5.8880,0.117,0.117,0.110
5.8900,0.105,0.085,0.066
5.8920,0.092,0.080,0.087
5.8940,0.052,0.047,0.051
5.8960,0.046,0.032,0.019
5.8980,0.063,0.065,0.055
5.9000,0.062,0.059,0.071
5.9020,0.112,0.123,0.098
5.9040,0.112,0.115,0.106
5.9060,0.076,0.110,0.112
5.9080,0.054,0.075,0.070
5.9100,0.038,0.030,0.037
5.9120,0.041,0.033,0.048
5.9140,0.041,0.043,0.037
5.9160,0.065,0.071,0.061
5.9180,0.115,0.089,0.100
5.9200,0.095,0.083,0.102
5.9220,0.107,0.089,0.102
5.9240,0.089,0.110,0.089
5.9260,0.047,0.043,0.037
5.9280,0.034,0.051,0.036
5.9300,0.012,0.020,0.022
5.9320,0.067,0.048,0.060
5.9340,0.070,0.086,0.085
5.9360,0.126,0.092,0.107
5.9380,0.107,0.126,0.088
5.9400,0.103,0.092,0.089
5.9420,0.061,0.067,0.048
5.9440,0.035,0.032,0.035
5.9460,0.019,0.034,-0.002
5.9480,0.039,0.057,0.019
5.9500,0.069,0.063,0.079
5.9520,0.082,0.113,0.096
5.9540,0.102,0.097,0.100
5.9560,0.087,0.103,0.083
5.9580,0.096,0.074,0.055
5.9600,0.038,0.026,0.041
5.9620,0.041,0.025,0.019
5.9640,0.026,0.028,0.046
5.9660,0.054,0.041,0.049
5.9680,0.064,0.084,0.081
5.9700,0.093,0.100,0.082
5.9720,0.099,0.095,0.092
5.9740,0.093,0.073,0.076
5.9760,0.047,0.043,0.040
5.9780,0.039,0.018,0.017
5.9800,0.028,0.022,0.024
5.9820,0.059,0.031,0.057
5.9840,0.068,0.099,0.070
5.9860,0.121,0.074,0.105
5.9880,0.092,0.090,0.104
5.9900,0.073,0.075,0.094
5.9920,0.040,0.077,0.046
5.9940,0.057,0.011,0.025
5.9960,0.031,0.023,0.017
5.9980,0.031,0.034,0.039
6.0000,0.080,0.063,0.070
6.0020,0.103,0.102,0.091
6.0040,0.133,0.115,0.115
6.0060,0.086,0.087,0.090
6.0080,0.079,0.071,0.084
6.0100,0.053,0.020,0.060
6.0120,0.025,0.030,0.044
6.0140,0.073,0.027,0.047
6.0160,0.087,0.061,0.082
6.0180,0.136,0.075,0.097
6.0200,0.182,0.123,0.134
6.0220,0.156,0.099,0.138
6.0240,0.142,0.104,0.103
6.0260,0.127,0.061,0.101
6.0280,0.125,0.048,0.064
6.0300,0.113,0.074,0.077
6.0320,0.139,0.089,0.107
6.0340,0.195,0.129,0.131
6.0360,0.217,0.160,0.169
6.0380,0.199,0.140,0.178
6.0400,0.197,0.153,0.154
6.0420,0.204,0.090,0.144
6.0440,0.167,0.091,0.103
6.0460,0.143,0.067,0.130
6.0480,0.161,0.073,0.113
6.0500,0.188,0.117,0.125
6.0520,0.220,0.146,0.152
6.0540,0.201,0.155,0.186
6.0560,0.191,0.135,0.153
6.0580,0.171,0.104,0.111
6.0600,0.130,0.076,0.103
6.0620,0.113,0.053,0.066
6.0640,0.087,0.057,0.077
6.0660,0.121,0.072,0.098
6.0680,0.149,0.104,0.113
6.0700,0.151,0.088,0.151
6.0720,0.136,0.100,0.093
6.0740,0.104,0.059,0.077
6.0760,0.058,0.046,0.049
6.0780,0.038,0.037,0.053
6.0800,0.045,0.007,0.041
6.0820,0.042,0.030,0.049
6.0840,0.056,0.064,0.050
6.0860,0.080,0.051,0.072
6.0880,0.090,0.073,0.072
6.0900,0.064,0.066,0.055
6.0920,0.043,-0.003,0.051
6.0940,0.015,-0.008,0.003
6.0960,0.008,0.007,-0.006
6.0980,0.025,0.017,0.015
6.1000,0.045,0.036,0.012
6.1020,0.048,0.069,0.059
6.1040,0.060,0.072,0.057
6.1060,0.060,0.067,0.057
6.1080,0.029,0.030,0.027
6.1100,-0.009,0.006,-0.003
6.1120,-0.017,-0.020,-0.009
6.1140,-0.012,0.008,-0.004
6.1160,0.008,0.035,0.014
6.1180,0.041,0.062,0.050
6.1200,0.078,0.058,0.053
6.1220,0.063,0.050,0.069
6.1240,0.069,0.054,0.037
6.1260,0.011,0.016,0.003
6.1280,-0.016,-0.009,-0.022
6.1300,-0.015,-0.023,-0.018
6.1320,0.006,0.008,0.026
6.1340,0.037,0.019,0.031
6.1360,0.080,0.063,0.041
6.1380,0.050,0.077,0.071
6.1400,0.054,0.064,0.038
6.1420,0.018,0.024,0.018
6.1440,-0.030,-0.028,-0.019
6.1460,-0.012,-0.018,-0.006
6.1480,0.006,0.017,-0.016
6.1500,0.007,0.008,0.034
6.1520,0.044,0.044,0.031
6.1540,0.034,0.074,0.050
6.1560,0.027,0.055,0.058
6.1580,0.025,0.051,0.012
6.1600,-0.028,-0.016,0.001
6.1620,-0.061,-0.036,-0.055
6.1640,-0.050,-0.004,-0.057
6.1660,-0.048,-0.009,-0.028
6.1680,-0.031,0.032,-0.054
6.1700,-0.006,0.054,-0.048
6.1720,-0.033,0.067,-0.042
6.1740,-0.043,0.044,-0.033
6.1760,-0.035,0.018,-0.061
6.1780,-0.003,-0.005,-0.003
6.1800,0.064,0.025,0.075
6.1820,0.149,0.094,0.222
6.1840,0.311,0.106,0.379
6.1860,0.450,0.150,0.561
6.1880,0.640,0.171,0.767
6.1900,0.753,0.197,0.943
6.1920,0.917,0.208,1.103
6.1940,1.017,0.209,1.253
6.1960,1.163,0.228,1.402
6.1980,1.241,0.271,1.523
6.2000,1.282,0.282,1.594
6.2020,1.294,0.261,1.568
6.2040,1.248,0.204,1.512
6.2060,1.120,0.139,1.357
6.2080,0.923,-0.017,1.144
6.2100,0.716,-0.205,0.907
6.2120,0.521,-0.350,0.644
6.2140,0.337,-0.509,0.414
6.2160,0.180,-0.689,0.226
6.2180,0.075,-0.784,0.115
6.2200,-0.002,-0.865,-0.018
6.2220,-0.069,-0.919,-0.094
6.2240,-0.132,-0.965,-0.166
6.2260,-0.191,-0.957,-0.255
6.2280,-0.217,-0.875,-0.250
6.2300,-0.197,-0.776,-0.223
6.2320,-0.170,-0.615,-0.178
6.2340,-0.106,-0.474,-0.152
6.2360,-0.063,-0.333,-0.080
6.2380,-0.039,-0.201,-0.051
6.2400,-0.016,-0.142,-0.022
6.2420,-0.032,-0.104,-0.035
6.2440,-0.042,-0.106,-0.086
6.2460,-0.047,-0.091,-0.059
6.2480,-0.034,-0.036,-0.029
6.2500,-0.001,-0.034,-0.007
6.2520,0.020,0.031,0.022
6.2540,0.038,0.047,0.029
6.2560,0.015,0.033,0.011
6.2580,0.002,-0.011,-0.002
6.2600,-0.023,-0.041,-0.030
6.2620,-0.055,-0.050,-0.040
6.2640,-0.041,-0.058,-0.034
6.2660,-0.026,-0.030,-0.018
6.2680,0.004,0.018,0.023
6.2700,0.015,0.036,0.024
6.2720,0.041,0.013,0.009
6.2740,0.017,0.012,0.010
6.2760,-0.019,-0.020,-0.024
6.2780,-0.024,-0.030,-0.041
6.2800,-0.052,-0.043,-0.065
6.2820,0.005,-0.019,-0.009
6.2840,-0.005,0.003,0.007
6.2860,0.024,0.032,0.018
6.2880,0.022,0.010,0.016
6.2900,0.015,0.008,0.024
6.2920,-0.008,-0.020,-0.031
6.2940,-0.046,-0.048,-0.017
6.2960,-0.032,-0.050,-0.061
6.2980,-0.038,-0.035,-0.020
6.3000,-0.011,-0.011,-0.016
6.3020,0.003,0.009,0.033
6.3040,0.031,0.015,0.018
6.3060,0.015,0.027,0.018
6.3080,-0.016,-0.008,0.002
6.3100,-0.046,-0.053,-0.028
6.3120,-0.020,-0.059,-0.038
6.3140,-0.050,-0.072,-0.051
6.3160,-0.040,-0.028,-0.020
6.3180,-0.001,-0.001,0.024
6.3200,0.026,0.013,0.020
6.3220,0.033,0.037,0.035
6.3240,0.012,-0.018,0.005
6.3260,-0.015,-0.025,-0.018
6.3280,-0.051,-0.028,-0.040
6.3300,-0.039,-0.043,-0.050
6.3320,-0.034,-0.038,-0.023
6.3340,0.000,-0.022,0.013
6.3360,0.023,0.000,0.036
6.3380,0.027,0.017,0.064
6.3400,0.041,-0.002,0.044
6.3420,0.010,-0.030,0.010
6.3440,-0.009,-0.051,-0.025
6.3460,-0.026,-0.057,-0.031
6.3480,-0.002,-0.037,0.019
6.3500,-0.001,-0.029,0.015
6.3520,0.062,0.006,0.060
6.3540,0.070,0.025,0.081
6.3560,0.071,0.017,0.069
6.3580,0.047,0.017,0.040
6.3600,0.007,-0.030,0.020
6.3620,-0.009,-0.067,0.014
6.3640,0.012,-0.036,0.024
6.3660,0.057,-0.009,0.079
6.3680,0.094,0.014,0.100
6.3700,0.095,0.021,0.120
6.3720,0.104,0.057,0.134
6.3740,0.093,0.003,0.127
6.3760,0.076,-0.004,0.094
6.3780,0.050,-0.029,0.097
6.3800,0.055,-0.024,0.078
6.3820,0.090,0.010,0.135
6.3840,0.138,0.028,0.160
6.3860,0.155,0.040,0.193
6.3880,0.182,0.068,0.201
6.3900,0.190,0.033,0.189
6.3920,0.142,0.017,0.166
6.3940,0.138,-0.024,0.161
6.3960,0.153,-0.028,0.179
6.3980,0.157,0.000,0.183
6.4000,0.191,0.033,0.213
6.4020,0.248,0.038,0.259
6.4040,0.252,0.079,0.287
6.4060,0.268,0.056,0.288
6.4080,0.242,0.058,0.275
6.4100,0.213,0.012,0.269
6.4120,0.214,-0.012,0.265
6.4140,0.225,0.010,0.288
6.4160,0.264,0.024,0.276
6.4180,0.281,0.081,0.322
6.4200,0.313,0.086,0.366
6.4220,0.316,0.083,0.357
6.4240,0.308,0.072,0.357
6.4260,0.262,0.024,0.325
6.4280,0.269,0.000,0.324
6.4300,0.264,0.019,0.320
6.4320,0.264,0.020,0.342
6.4340,0.325,0.050,0.355
6.4360,0.363,0.097,0.384
6.4380,0.354,0.098,0.388
6.4400,0.343,0.061,0.358
6.4420,0.298,0.039,0.364
6.4440,0.249,0.009,0.328
6.4460,0.236,0.032,0.303
6.4480,0.271,0.033,0.332
6.4500,0.284,0.043,0.332
6.4520,0.303,0.080,0.341
6.4540,0.321,0.068,0.382
6.4560,0.315,0.065,0.339
6.4580,0.258,0.047,0.320
6.4600,0.235,0.020,0.289
6.4620,0.236,-0.004,0.267
6.4640,0.203,0.003,0.270
6.4660,0.243,0.022,0.281
6.4680,0.247,0.046,0.301
6.4700,0.270,0.060,0.294
6.4720,0.266,0.054,0.295
6.4740,0.231,0.038,0.241
6.4760,0.194,0.007,0.238
6.4780,0.138,-0.020,0.170
6.4800,0.154,-0.041,0.170
6.4820,0.139,-0.023,0.166
6.4840,0.172,0.019,0.191
6.4860,0.186,0.053,0.212
6.4880,0.184,0.040,0.200
6.4900,0.157,0.014,0.193
6.4920,0.105,-0.010,0.143
6.4940,0.063,-0.055,0.098
6.4960,0.071,-0.038,0.082
6.4980,0.066,-0.042,0.100
6.5000,0.096,-0.027,0.114
6.5020,0.101,0.003,0.107
6.5040,0.088,0.009,0.115
6.5060,0.099,0.019,0.110
6.5080,0.049,-0.028,0.074
6.5100,0.022,-0.054,0.020
6.5120,-0.013,-0.067,0.017
6.5140,0.013,-0.080,-0.005
6.5160,-0.001,-0.047,0.037
6.5180,0.028,-0.019,0.050
6.5200,0.046,-0.024,0.042
6.5220,0.024,-0.007,0.040
6.5240,0.014,-0.034,0.012
6.5260,-0.005,-0.063,-0.015
6.5280,-0.057,-0.087,-0.046
6.5300,-0.053,-0.088,-0.065
6.5320,-0.076,-0.058,-0.054
6.5340,-0.019,-0.060,-0.006
6.5360,-0.002,-0.028,0.010
6.5380,-0.006,-0.011,0.010
6.5400,-0.003,-0.031,-0.008
6.5420,-0.051,-0.061,-0.051
6.5440,-0.078,-0.060,-0.070
6.5460,-0.092,-0.096,-0.054
6.5480,-0.101,-0.078,-0.061
6.5500,-0.066,-0.069,-0.054
6.5520,-0.016,-0.051,-0.032
6.5540,-0.043,-0.031,-0.050
6.5560,-0.037,-0.029,-0.014
6.5580,-0.061,-0.059,-0.045
6.5600,-0.065,-0.088,-0.091
6.5620,-0.094,-0.112,-0.119
6.5640,-0.106,-0.109,-0.112
6.5660,-0.061,-0.084,-0.070
6.5680,-0.057,-0.044,-0.049
6.5700,-0.019,-0.025,-0.022
6.5720,-0.050,-0.049,-0.032
6.5740,-0.043,-0.050,-0.044
6.5760,-0.091,-0.097,-0.082
6.5780,-0.121,-0.105,-0.098
6.5800,-0.114,-0.116,-0.136
6.5820,-0.090,-0.076,-0.108
6.5840,-0.071,-0.071,-0.069
6.5860,-0.035,-0.041,-0.028
6.5880,-0.044,-0.031,-0.014
6.5900,-0.046,-0.065,-0.055
6.5920,-0.077,-0.084,-0.089
6.5940,-0.109,-0.112,-0.132
6.5960,-0.124,-0.125,-0.108
6.5980,-0.104,-0.112,-0.113
6.6000,-0.073,-0.066,-0.044
6.6020,-0.028,-0.060,-0.061
6.6040,-0.029,-0.034,-0.015
6.6060,-0.038,-0.046,-0.041
6.6080,-0.039,-0.093,-0.088
6.6100,-0.099,-0.099,-0.102
6.6120,-0.115,-0.138,-0.112
6.6140,-0.108,-0.109,-0.119
6.6160,-0.105,-0.099,-0.083
6.6180,-0.069,-0.064,-0.054
6.6200,-0.052,-0.061,-0.038
6.6220,-0.040,-0.046,-0.048
6.6240,-0.072,-0.058,-0.084
6.6260,-0.098,-0.109,-0.100
6.6280,-0.108,-0.129,-0.119
6.6300,-0.113,-0.118,-0.146
6.6320,-0.107,-0.099,-0.103
6.6340,-0.084,-0.105,-0.077
6.6360,-0.039,-0.029,-0.068
6.6380,-0.038,-0.041,-0.052
6.6400,-0.083,-0.055,-0.068
6.6420,-0.096,-0.094,-0.069
6.6440,-0.117,-0.141,-0.116
6.6460,-0.119,-0.120,-0.116
6.6480,-0.105,-0.123,-0.118
6.6500,-0.086,-0.083,-0.112
6.6520,-0.055,-0.065,-0.054
6.6540,-0.049,-0.047,-0.058
6.6560,-0.067,-0.069,-0.063
6.6580,-0.089,-0.075,-0.098
6.6600,-0.114,-0.129,-0.114
6.6620,-0.131,-0.104,-0.118
6.6640,-0.148,-0.099,-0.114
6.6660,-0.107,-0.082,-0.083
6.6680,-0.072,-0.058,-0.052
6.6700,-0.058,-0.056,-0.079
6.6720,-0.060,-0.043,-0.071
6.6740,-0.073,-0.080,-0.100
6.6760,-0.121,-0.127,-0.101
6.6780,-0.150,-0.112,-0.139
6.6800,-0.137,-0.119,-0.138
6.6820,-0.105,-0.114,-0.117
6.6840,-0.065,-0.100,-0.081
6.6860,-0.052,-0.069,-0.079
6.6880,-0.074,-0.078,-0.072
6.6900,-0.075,-0.061,-0.073
6.6920,-0.098,-0.121,-0.087
6.6940,-0.125,-0.124,-0.128
6.6960,-0.131,-0.147,-0.147
6.6980,-0.136,-0.142,-0.151
6.7000,-0.097,-0.095,-0.086
6.7020,-0.066,-0.075,-0.080
6.7040,-0.049,-0.049,-0.072
6.7060,-0.078,-0.083,-0.089
6.7080,-0.098,-0.103,-0.111
6.7100,-0.155,-0.152,-0.135
6.7120,-0.147,-0.165,-0.142
6.7140,-0.140,-0.112,-0.148
6.7160,-0.123,-0.085,-0.108
6.7180,-0.080,-0.080,-0.085
6.7200,-0.064,-0.073,-0.036
6.7220,-0.092,-0.069,-0.086
6.7240,-0.084,-0.077,-0.085
6.7260,-0.128,-0.123,-0.115
6.7280,-0.133,-0.136,-0.151
6.7300,-0.156,-0.141,-0.140
6.7320,-0.122,-0.129,-0.113
6.7340,-0.097,-0.100,-0.092
6.7360,-0.066,-0.066,-0.053
6.7380,-0.063,-0.077,-0.091
6.7400,-0.084,-0.075,-0.091
6.7420,-0.128,-0.115,-0.092
6.7440,-0.154,-0.134,-0.125
6.7460,-0.152,-0.129,-0.139
6.7480,-0.133,-0.135,-0.118
6.7500,-0.113,-0.095,-0.129
6.7520,-0.071,-0.100,-0.069
6.7540,-0.070,-0.072,-0.054
6.7560,-0.088,-0.076,-0.084
6.7580,-0.106,-0.079,-0.071
6.7600,-0.128,-0.155,-0.129
6.7620,-0.143,-0.148,-0.173
6.7640,-0.119,-0.124,-0.137
6.7660,-0.126,-0.128,-0.127
6.7680,-0.090,-0.092,-0.076
6.7700,-0.066,-0.067,-0.065
6.7720,-0.074,-0.071,-0.080
6.7740,-0.101,-0.076,-0.077
6.7760,-0.143,-0.119,-0.113
6.7780,-0.153,-0.131,-0.156
6.7800,-0.162,-0.153,-0.151
6.7820,-0.151,-0.139,-0.124
6.7840,-0.111,-0.104,-0.106
6.7860,-0.090,-0.092,-0.082
6.7880,-0.066,-0.067,-0.072
6.7900,-0.081,-0.093,-0.101
6.7920,-0.128,-0.126,-0.144
6.7940,-0.147,-0.138,-0.141
6.7960,-0.175,-0.167,-0.177
6.7980,-0.147,-0.131,-0.153
6.8000,-0.109,-0.119,-0.135
6.8020,-0.076,-0.073,-0.106
6.8040,-0.082,-0.079,-0.069
6.8060,-0.071,-0.076,-0.086
6.8080,-0.127,-0.107,-0.112
6.8100,-0.153,-0.129,-0.154
6.8120,-0.145,-0.153,-0.162
6.8140,-0.127,-0.169,-0.144
6.8160,-0.117,-0.113,-0.125
6.8180,-0.094,-0.096,-0.085
6.8200,-0.100,-0.067,-0.064
6.8220,-0.099,-0.070,-0.080
6.8240,-0.093,-0.108,-0.120
6.8260,-0.127,-0.139,-0.135
6.8280,-0.155,-0.140,-0.147
6.8300,-0.140,-0.153,-0.155
6.8320,-0.118,-0.118,-0.138
6.8340,-0.075,-0.100,-0.093
6.8360,-0.056,-0.060,-0.038
6.8380,-0.033,-0.060,-0.064
6.8400,-0.058,-0.075,-0.070
6.8420,-0.081,-0.108,-0.110
6.8440,-0.086,-0.124,-0.101
6.8460,-0.112,-0.118,-0.110
6.8480,-0.046,-0.117,-0.093
6.8500,-0.039,-0.078,-0.053
6.8520,-0.003,-0.053,-0.041
6.8540,0.020,-0.035,-0.021
6.8560,0.036,-0.021,-0.001
6.8580,0.006,-0.050,-0.034
6.8600,-0.044,-0.088,-0.091
6.8620,-0.016,-0.099,-0.070
6.8640,-0.025,-0.102,-0.073
6.8660,0.009,-0.069,-0.028
6.8680,0.026,-0.032,-0.002
6.8700,0.069,-0.006,-0.007
6.8720,0.055,-0.008,0.016
6.8740,0.042,-0.052,-0.007
6.8760,0.006,-0.058,-0.036
6.8780,0.008,-0.094,-0.057
6.8800,0.002,-0.109,-0.051
6.8820,-0.008,-0.065,-0.049
6.8840,0.015,-0.037,-0.029
6.8860,0.026,-0.032,0.003
6.8880,0.041,-0.025,0.016
6.8900,-0.001,-0.044,-0.021
6.8920,-0.040,-0.070,-0.065
6.8940,-0.059,-0.108,-0.094
6.8960,-0.095,-0.146,-0.112
6.8980,-0.086,-0.098,-0.108
6.9000,-0.085,-0.086,-0.061
6.9020,-0.039,-0.081,-0.074
6.9040,-0.019,-0.079,-0.044
6.9060,-0.050,-0.073,-0.073
6.9080,-0.073,-0.111,-0.119
6.9100,-0.135,-0.135,-0.136
6.9120,-0.142,-0.148,-0.159
6.9140,-0.155,-0.161,-0.143
6.9160,-0.127,-0.145,-0.128
6.9180,-0.089,-0.100,-0.114
6.9200,-0.081,-0.093,-0.067
6.9220,-0.103,-0.088,-0.075
6.9240,-0.125,-0.129,-0.092
6.9260,-0.157,-0.146,-0.139
6.9280,-0.157,-0.156,-0.165
6.9300,-0.141,-0.160,-0.159
6.9320,-0.132,-0.159,-0.156
6.9340,-0.142,-0.134,-0.119
6.9360,-0.079,-0.097,-0.099
6.9380,-0.080,-0.085,-0.109
6.9400,-0.126,-0.103,-0.106
6.9420,-0.140,-0.143,-0.142
6.9440,-0.150,-0.159,-0.166
6.9460,-0.166,-0.154,-0.168
6.9480,-0.176,-0.158,-0.145
6.9500,-0.125,-0.152,-0.143
6.9520,-0.131,-0.103,-0.110
6.9540,-0.096,-0.069,-0.103
6.9560,-0.089,-0.118,-0.113
6.9580,-0.128,-0.128,-0.136
6.9600,-0.163,-0.160,-0.160
6.9620,-0.163,-0.172,-0.166
6.9640,-0.156,-0.166,-0.164
6.9660,-0.129,-0.131,-0.157
6.9680,-0.105,-0.115,-0.100
6.9700,-0.084,-0.082,-0.086
6.9720,-0.090,-0.100,-0.110
6.9740,-0.118,-0.125,-0.106
6.9760,-0.150,-0.158,-0.147
6.9780,-0.176,-0.194,-0.175
6.9800,-0.190,-0.171,-0.172
6.9820,-0.170,-0.131,-0.160
6.9840,-0.136,-0.121,-0.127
6.9860,-0.110,-0.095,-0.113
6.9880,-0.097,-0.102,-0.121
6.9900,-0.139,-0.116,-0.168
6.9920,-0.167,-0.130,-0.180
6.9940,-0.204,-0.143,-0.231
6.9960,-0.240,-0.158,-0.240
6.9980,-0.226,-0.152,-0.240
7.0000,-0.209,-0.132,-0.223
7.0020,-0.151,-0.098,-0.164
7.0040,-0.119,-0.091,-0.127
7.0060,-0.102,-0.099,-0.078
7.0080,-0.041,-0.107,-0.022
7.0100,0.042,-0.103,0.087
7.0120,0.122,-0.100,0.188
7.0140,0.275,-0.080,0.369
7.0160,0.456,-0.006,0.574
7.0180,0.631,0.055,0.829
7.0200,0.831,0.097,1.032
7.0220,0.952,0.135,1.211
7.0240,1.057,0.134,1.333
7.0260,1.122,0.107,1.402
7.0280,1.116,0.091,1.394
7.0300,1.075,0.020,1.343
7.0320,1.019,-0.025,1.291
7.0340,0.913,-0.063,1.131
7.0360,0.775,-0.156,0.991
7.0380,0.606,-0.290,0.782
7.0400,0.387,-0.478,0.516
7.0420,0.188,-0.679,0.286
7.0440,-0.002,-0.854,0.048
7.0460,-0.160,-1.006,-0.105
7.0480,-0.242,-1.070,-0.243
7.0500,-0.255,-1.117,-0.325
7.0520,-0.283,-1.086,-0.321
7.0540,-0.306,-0.993,-0.306
7.0560,-0.313,-0.943,-0.323
7.0580,-0.303,-0.840,-0.340
7.0600,-0.285,-0.735,-0.326
7.0620,-0.293,-0.620,-0.300
7.0640,-0.242,-0.502,-0.275
7.0660,-0.206,-0.382,-0.190
7.0680,-0.157,-0.277,-0.176
7.0700,-0.146,-0.210,-0.123
7.0720,-0.111,-0.163,-0.116
7.0740,-0.142,-0.139,-0.148
7.0760,-0.153,-0.163,-0.170
7.0780,-0.193,-0.187,-0.171
7.0800,-0.182,-0.177,-0.182
7.0820,-0.160,-0.177,-0.161
7.0840,-0.137,-0.139,-0.155
7.0860,-0.107,-0.100,-0.104
7.0880,-0.109,-0.088,-0.103
7.0900,-0.130,-0.131,-0.123
7.0920,-0.131,-0.156,-0.146
7.0940,-0.164,-0.150,-0.181
7.0960,-0.195,-0.185,-0.193
7.0980,-0.166,-0.152,-0.176
7.1000,-0.155,-0.144,-0.151
7.1020,-0.133,-0.116,-0.092
7.1040,-0.094,-0.110,-0.095
7.1060,-0.136,-0.104,-0.127
7.1080,-0.130,-0.125,-0.117
7.1100,-0.173,-0.183,-0.175
7.1120,-0.188,-0.190,-0.185
7.1140,-0.175,-0.170,-0.169
7.1160,-0.149,-0.158,-0.179
7.1180,-0.137,-0.134,-0.129
7.1200,-0.099,-0.097,-0.114
7.1220,-0.108,-0.098,-0.107
7.1240,-0.146,-0.138,-0.126
7.1260,-0.162,-0.159,-0.161
7.1280,-0.165,-0.198,-0.182
7.1300,-0.163,-0.196,-0.170
7.1320,-0.155,-0.165,-0.160
7.1340,-0.148,-0.137,-0.133
7.1360,-0.104,-0.125,-0.107
7.1380,-0.093,-0.116,-0.081
7.1400,-0.110,-0.136,-0.116
7.1420,-0.137,-0.146,-0.152
7.1440,-0.167,-0.201,-0.193
7.1460,-0.181,-0.198,-0.196
7.1480,-0.173,-0.196,-0.170
7.1500,-0.160,-0.141,-0.137
7.1520,-0.105,-0.140,-0.114
7.1540,-0.093,-0.105,-0.089
7.1560,-0.096,-0.094,-0.107
7.1580,-0.142,-0.119,-0.135
7.1600,-0.145,-0.189,-0.143
7.1620,-0.142,-0.179,-0.147
7.1640,-0.158,-0.188,-0.168
7.1660,-0.133,-0.166,-0.125
7.1680,-0.097,-0.124,-0.119
7.1700,-0.054,-0.088,-0.091
7.1720,-0.089,-0.096,-0.079
7.1740,-0.093,-0.133,-0.076
7.1760,-0.130,-0.144,-0.124
7.1780,-0.145,-0.200,-0.141
7.1800,-0.136,-0.183,-0.128
7.1820,-0.096,-0.163,-0.103
7.1840,-0.056,-0.122,-0.078
7.1860,-0.044,-0.100,-0.015
7.1880,-0.042,-0.092,-0.031
7.1900,-0.018,-0.107,-0.035
7.1920,-0.075,-0.131,-0.063
7.1940,-0.096,-0.149,-0.071
7.1960,-0.113,-0.161,-0.063
7.1980,-0.055,-0.152,-0.037
7.2000,-0.026,-0.114,-0.030
7.2020,0.027,-0.080,0.028
7.2040,0.001,-0.081,0.043
7.2060,0.035,-0.082,0.049
7.2080,0.001,-0.091,0.020
7.2100,-0.010,-0.144,0.000
7.2120,-0.047,-0.123,0.008
7.2140,0.005,-0.152,0.024
7.2160,0.030,-0.114,0.065
7.2180,0.058,-0.090,0.089
7.2200,0.095,-0.031,0.114
7.2220,0.085,-0.062,0.095
7.2240,0.075,-0.081,0.094
7.2260,0.057,-0.106,0.090
7.2280,0.028,-0.119,0.071
7.2300,0.068,-0.124,0.102
7.2320,0.099,-0.100,0.106
7.2340,0.115,-0.109,0.155
7.2360,0.160,-0.040,0.189
7.2380,0.166,-0.033,0.224
7.2400,0.165,-0.034,0.196
7.2420,0.133,-0.057,0.189
7.2440,0.111,-0.099,0.168
7.2460,0.132,-0.094,0.175
7.2480,0.138,-0.103,0.194
7.2500,0.196,-0.051,0.218
7.2520,0.205,-0.038,0.231
7.2540,0.210,-0.032,0.267
7.2560,0.231,-0.028,0.265
7.2580,0.202,-0.034,0.246
7.2600,0.177,-0.076,0.209
7.2620,0.169,-0.076,0.218
7.2640,0.154,-0.097,0.212
7.2660,0.185,-0.051,0.225
7.2680,0.214,-0.042,0.260
7.2700,0.218,-0.013,0.307
7.2720,0.227,-0.015,0.288
7.2740,0.223,-0.032,0.269
7.2760,0.178,-0.067,0.212
7.2780,0.134,-0.102,0.191
7.2800,0.126,-0.085,0.184
7.2820,0.179,-0.058,0.208
7.2840,0.182,-0.058,0.227
7.2860,0.193,-0.050,0.241
7.2880,0.197,-0.019,0.241
7.2900,0.160,-0.046,0.212
7.2920,0.159,-0.075,0.183
7.2940,0.104,-0.094,0.164
7.2960,0.108,-0.118,0.114
7.2980,0.097,-0.105,0.140
7.3000,0.132,-0.078,0.170
7.3020,0.137,-0.035,0.168
7.3040,0.147,-0.042,0.167
7.3060,0.127,-0.069,0.164
7.3080,0.091,-0.097,0.105
7.3100,0.050,-0.112,0.077
7.3120,0.018,-0.146,0.039
7.3140,0.039,-0.148,0.023
7.3160,0.020,-0.101,0.057
7.3180,0.051,-0.074,0.062
7.3200,0.060,-0.070,0.085
7.3220,0.054,-0.067,0.087
7.3240,0.014,-0.092,0.064
7.3260,-0.016,-0.119,0.003
7.3280,-0.051,-0.143,-0.017
7.3300,-0.079,-0.186,-0.036
7.3320,-0.049,-0.141,-0.036
7.3340,-0.041,-0.105,-0.034
7.3360,-0.032,-0.094,0.024
7.3380,-0.011,-0.085,-0.011
7.3400,-0.030,-0.095,-0.006
7.3420,-0.065,-0.133,-0.052
7.3440,-0.096,-0.144,-0.103
7.3460,-0.141,-0.159,-0.104
7.3480,-0.128,-0.163,-0.076
7.3500,-0.066,-0.138,-0.062
7.3520,-0.080,-0.144,-0.065
7.3540,-0.052,-0.103,-0.060
7.3560,-0.081,-0.125,-0.065
7.3580,-0.102,-0.133,-0.099
7.3600,-0.143,-0.164,-0.115
7.3620,-0.149,-0.174,-0.141
7.3640,-0.152,-0.161,-0.168
7.3660,-0.138,-0.155,-0.123
7.3680,-0.119,-0.099,-0.104
7.3700,-0.087,-0.106,-0.086
7.3720,-0.109,-0.127,-0.088
7.3740,-0.113,-0.140,-0.101
7.3760,-0.118,-0.168,-0.135
7.3780,-0.157,-0.178,-0.180
7.3800,-0.168,-0.199,-0.175
7.3820,-0.161,-0.173,-0.163
7.3840,-0.155,-0.143,-0.150
7.3860,-0.125,-0.123,-0.109
7.3880,-0.090,-0.102,-0.082
7.3900,-0.131,-0.120,-0.141
7.3920,-0.160,-0.143,-0.151
7.3940,-0.180,-0.187,-0.178
7.3960,-0.201,-0.178,-0.184
7.3980,-0.191,-0.196,-0.187
7.4000,-0.150,-0.169,-0.166
7.4020,-0.133,-0.140,-0.138
7.4040,-0.119,-0.113,-0.094
7.4060,-0.129,-0.108,-0.131
7.4080,-0.140,-0.155,-0.152
7.4100,-0.178,-0.182,-0.149
7.4120,-0.193,-0.195,-0.199
7.4140,-0.178,-0.180,-0.181
7.4160,-0.164,-0.169,-0.149
7.4180,-0.136,-0.140,-0.121
7.4200,-0.109,-0.131,-0.130
7.4220,-0.108,-0.124,-0.125
7.4240,-0.140,-0.124,-0.134
7.4260,-0.166,-0.167,-0.144
7.4280,-0.198,-0.198,-0.198
7.4300,-0.201,-0.176,-0.197
7.4320,-0.163,-0.179,-0.167
7.4340,-0.137,-0.126,-0.135
7.4360,-0.113,-0.102,-0.111
7.4380,-0.110,-0.113,-0.124
7.4400,-0.129,-0.147,-0.136
7.4420,-0.149,-0.130,-0.155
7.4440,-0.172,-0.179,-0.168
7.4460,-0.182,-0.197,-0.195
7.4480,-0.181,-0.169,-0.180
7.4500,-0.136,-0.144,-0.165
7.4520,-0.122,-0.109,-0.103
7.4540,-0.105,-0.120,-0.111
7.4560,-0.118,-0.118,-0.109
7.4580,-0.144,-0.162,-0.147
7.4600,-0.185,-0.168,-0.175
7.4620,-0.183,-0.192,-0.209
7.4640,-0.152,-0.183,-0.212
7.4660,-0.167,-0.164,-0.147
7.4680,-0.132,-0.136,-0.132
7.4700,-0.119,-0.124,-0.111
7.4720,-0.122,-0.106,-0.131
7.4740,-0.119,-0.119,-0.148
7.4760,-0.175,-0.173,-0.154
7.4780,-0.194,-0.181,-0.167
7.4800,-0.209,-0.184,-0.197
7.4820,-0.180,-0.171,-0.163
7.4840,-0.162,-0.160,-0.139
7.4860,-0.110,-0.133,-0.119
7.4880,-0.078,-0.121,-0.090
7.4900,-0.132,-0.153,-0.133
7.4920,-0.176,-0.139,-0.141
7.4940,-0.171,-0.177,-0.177
7.4960,-0.200,-0.191,-0.191
7.4980,-0.163,-0.204,-0.162
7.5000,-0.154,-0.173,-0.147
7.5020,-0.131,-0.123,-0.124
7.5040,-0.113,-0.087,-0.094
7.5060,-0.111,-0.128,-0.105
7.5080,-0.148,-0.135,-0.131
7.5100,-0.180,-0.180,-0.220
7.5120,-0.192,-0.189,-0.184
7.5140,-0.199,-0.169,-0.181
7.5160,-0.155,-0.164,-0.160
7.5180,-0.152,-0.139,-0.123
7.5200,-0.117,-0.095,-0.109
7.5220,-0.104,-0.113,-0.105
7.5240,-0.131,-0.122,-0.138
7.5260,-0.157,-0.172,-0.146
7.5280,-0.186,-0.169,-0.176
7.5300,-0.173,-0.184,-0.181
7.5320,-0.157,-0.163,-0.162
7.5340,-0.134,-0.137,-0.125
7.5360,-0.104,-0.121,-0.103
7.5380,-0.101,-0.110,-0.111
7.5400,-0.130,-0.130,-0.113
7.5420,-0.170,-0.142,-0.152
7.5440,-0.174,-0.182,-0.156
7.5460,-0.182,-0.206,-0.175
7.5480,-0.163,-0.196,-0.183
7.5500,-0.159,-0.169,-0.120
7.5520,-0.132,-0.113,-0.146
7.5540,-0.102,-0.122,-0.100
7.5560,-0.118,-0.113,-0.125
7.5580,-0.165,-0.141,-0.120
7.5600,-0.167,-0.172,-0.168
7.5620,-0.209,-0.181,-0.196
7.5640,-0.192,-0.179,-0.184
7.5660,-0.141,-0.190,-0.166
7.5680,-0.106,-0.132,-0.131
7.5700,-0.123,-0.104,-0.113
7.5720,-0.115,-0.091,-0.120
7.5740,-0.131,-0.112,-0.129
7.5760,-0.140,-0.178,-0.157
7.5780,-0.189,-0.187,-0.195
7.5800,-0.190,-0.203,-0.204
7.5820,-0.147,-0.147,-0.162
7.5840,-0.141,-0.124,-0.130
7.5860,-0.103,-0.108,-0.103
7.5880,-0.124,-0.104,-0.100
7.5900,-0.124,-0.106,-0.103
7.5920,-0.170,-0.136,-0.139
7.5940,-0.189,-0.162,-0.144
7.5960,-0.175,-0.180,-0.148
7.5980,-0.173,-0.177,-0.194
7.6000,-0.149,-0.136,-0.171
7.6020,-0.126,-0.108,-0.117
7.6040,-0.107,-0.107,-0.099
7.6060,-0.110,-0.118,-0.115
7.6080,-0.127,-0.126,-0.131
7.6100,-0.199,-0.148,-0.171
7.6120,-0.193,-0.192,-0.192
7.6140,-0.176,-0.181,-0.184
7.6160,-0.155,-0.149,-0.156
7.6180,-0.119,-0.118,-0.114
7.6200,-0.102,-0.111,-0.111
7.6220,-0.110,-0.084,-0.110
7.6240,-0.134,-0.123,-0.121
7.6260,-0.160,-0.151,-0.159
7.6280,-0.164,-0.157,-0.165
7.6300,-0.188,-0.185,-0.191
7.6320,-0.160,-0.162,-0.174
7.6340,-0.127,-0.146,-0.127
7.6360,-0.086,-0.109,-0.101
7.6380,-0.101,-0.118,-0.110
7.6400,-0.100,-0.106,-0.098
7.6420,-0.124,-0.138,-0.118
7.6440,-0.162,-0.171,-0.173
7.6460,-0.170,-0.176,-0.155
7.6480,-0.156,-0.152,-0.186
7.6500,-0.124,-0.145,-0.115
7.6520,-0.079,-0.100,-0.107
7.6540,-0.068,-0.079,-0.069
7.6560,-0.072,-0.115,-0.098
7.6580,-0.107,-0.108,-0.108
7.6600,-0.127,-0.161,-0.141
7.6620,-0.097,-0.154,-0.144
7.6640,-0.111,-0.158,-0.109
7.6660,-0.086,-0.098,-0.102
7.6680,-0.021,-0.096,-0.040
7.6700,-0.007,-0.079,-0.045
7.6720,0.004,-0.055,-0.018
7.6740,-0.017,-0.078,-0.071
7.6760,-0.040,-0.117,-0.079
7.6780,-0.052,-0.110,-0.098
7.6800,-0.061,-0.139,-0.070
7.6820,-0.020,-0.105,-0.063
7.6840,0.019,-0.068,-0.058
7.6860,0.065,-0.026,-0.022
7.6880,0.052,-0.013,-0.011
7.6900,0.008,-0.031,-0.003
7.6920,0.006,-0.075,-0.033
7.6940,0.012,-0.128,-0.074
7.6960,-0.023,-0.105,-0.088
7.6980,-0.035,-0.082,-0.063
7.7000,0.003,-0.060,-0.062
7.7020,0.007,-0.045,-0.020
7.7040,0.005,-0.056,-0.014
7.7060,0.000,-0.061,-0.036
7.7080,-0.030,-0.061,-0.059
7.7100,-0.091,-0.134,-0.097
7.7120,-0.107,-0.150,-0.114
7.7140,-0.096,-0.124,-0.136
7.7160,-0.085,-0.120,-0.095
7.7180,-0.055,-0.103,-0.066
7.7200,-0.062,-0.056,-0.060
7.7220,-0.048,-0.073,-0.063
7.7240,-0.098,-0.108,-0.097
7.7260,-0.099,-0.149,-0.118
7.7280,-0.166,-0.134,-0.153
7.7300,-0.164,-0.162,-0.172
7.7320,-0.131,-0.128,-0.132
7.7340,-0.090,-0.106,-0.134
7.7360,-0.085,-0.100,-0.089
7.7380,-0.078,-0.096,-0.092
7.7400,-0.102,-0.089,-0.110
7.7420,-0.145,-0.117,-0.132
7.7440,-0.165,-0.184,-0.169
7.7460,-0.183,-0.164,-0.164
7.7480,-0.172,-0.160,-0.157
7.7500,-0.125,-0.143,-0.138
7.7520,-0.116,-0.100,-0.087
7.7540,-0.086,-0.107,-0.088
7.7560,-0.115,-0.105,-0.092
7.7580,-0.122,-0.135,-0.108
7.7600,-0.159,-0.160,-0.137
7.7620,-0.152,-0.170,-0.162
7.7640,-0.160,-0.176,-0.167
7.7660,-0.125,-0.121,-0.157
7.7680,-0.119,-0.104,-0.108
7.7700,-0.091,-0.070,-0.078
7.7720,-0.105,-0.095,-0.089
7.7740,-0.119,-0.121,-0.155
7.7760,-0.147,-0.122,-0.133
7.7780,-0.173,-0.172,-0.153
7.7800,-0.181,-0.168,-0.170
7.7820,-0.164,-0.139,-0.135
7.7840,-0.146,-0.133,-0.110
7.7860,-0.106,-0.085,-0.102
7.7880,-0.081,-0.081,-0.073
7.7900,-0.123,-0.088,-0.119
7.7920,-0.148,-0.121,-0.133
7.7940,-0.136,-0.142,-0.160
7.7960,-0.175,-0.168,-0.178
7.7980,-0.152,-0.164,-0.153
7.8000,-0.123,-0.101,-0.115
7.8020,-0.098,-0.117,-0.093
7.8040,-0.117,-0.103,-0.093
7.8060,-0.118,-0.087,-0.140
7.8080,-0.170,-0.100,-0.173
7.8100,-0.162,-0.145,-0.198
7.8120,-0.238,-0.150,-0.230
7.8140,-0.235,-0.180,-0.241
7.8160,-0.215,-0.135,-0.193
7.8180,-0.185,-0.119,-0.178
7.8200,-0.112,-0.063,-0.129
7.8220,-0.063,-0.084,-0.078
7.8240,-0.059,-0.091,-0.037
7.8260,-0.015,-0.082,0.066
7.8280,0.060,-0.075,0.134
7.8300,0.213,-0.065,0.297
7.8320,0.381,-0.006,0.496
7.8340,0.568,0.057,0.754
7.8360,0.768,0.108,0.972
7.8380,0.931,0.135,1.153
7.8400,1.047,0.165,1.296
7.8420,1.106,0.150,1.412
7.8440,1.120,0.125,1.434
7.8460,1.126,0.084,1.431
7.8480,1.071,0.030,1.352
7.8500,1.000,0.002,1.253
7.8520,0.878,-0.084,1.096
7.8540,0.689,-0.210,0.883
7.8560,0.494,-0.370,0.651
7.8580,0.292,-0.566,0.387
7.8600,0.091,-0.741,0.171
7.8620,-0.049,-0.934,-0.020
7.8640,-0.166,-1.042,-0.155
7.8660,-0.218,-1.085,-0.239
7.8680,-0.251,-1.056,-0.286
7.8700,-0.260,-1.015,-0.279
7.8720,-0.253,-0.975,-0.293
7.8740,-0.270,-0.852,-0.293
7.8760,-0.280,-0.753,-0.293
7.8780,-0.256,-0.671,-0.299
7.8800,-0.245,-0.565,-0.260
7.8820,-0.205,-0.409,-0.206
7.8840,-0.161,-0.278,-0.174
7.8860,-0.103,-0.183,-0.131
7.8880,-0.079,-0.161,-0.113
7.8900,-0.103,-0.114,-0.105
7.8920,-0.110,-0.171,-0.131
7.8940,-0.172,-0.162,-0.166
7.8960,-0.156,-0.165,-0.154
7.8980,-0.142,-0.130,-0.143
7.9000,-0.122,-0.099,-0.099
7.9020,-0.057,-0.075,-0.061
7.9040,-0.073,-0.089,-0.067
7.9060,-0.086,-0.071,-0.090
7.9080,-0.107,-0.101,-0.099
7.9100,-0.159,-0.155,-0.135
7.9120,-0.160,-0.176,-0.153
7.9140,-0.133,-0.133,-0.155
7.9160,-0.128,-0.123,-0.126
7.9180,-0.101,-0.107,-0.093
7.9200,-0.056,-0.075,-0.062
7.9220,-0.057,-0.069,-0.067
7.9240,-0.088,-0.096,-0.073
7.9260,-0.129,-0.143,-0.115
7.9280,-0.148,-0.123,-0.139
7.9300,-0.156,-0.135,-0.150
7.9320,-0.139,-0.132,-0.139
7.9340,-0.110,-0.102,-0.104
7.9360,-0.080,-0.070,-0.081
7.9380,-0.079,-0.082,-0.097
7.9400,-0.101,-0.080,-0.094
7.9420,-0.107,-0.128,-0.090
7.9440,-0.132,-0.138,-0.130
7.9460,-0.123,-0.160,-0.148
7.9480,-0.138,-0.146,-0.125
7.9500,-0.099,-0.085,-0.125
7.9520,-0.070,-0.076,-0.070
7.9540,-0.063,-0.062,-0.044
7.9560,-0.060,-0.097,-0.069
7.9580,-0.084,-0.105,-0.113
7.9600,-0.117,-0.120,-0.124
7.9620,-0.138,-0.139,-0.118
7.9640,-0.132,-0.161,-0.124
7.9660,-0.119,-0.108,-0.118
7.9680,-0.082,-0.076,-0.042
7.9700,-0.059,-0.046,-0.064
7.9720,-0.065,-0.070,-0.052
7.9740,-0.065,-0.110,-0.081
7.9760,-0.083,-0.124,-0.107
7.9780,-0.128,-0.145,-0.119
7.9800,-0.113,-0.124,-0.105
7.9820,-0.107,-0.146,-0.075
7.9840,-0.066,-0.088,-0.062
7.9860,-0.043,-0.041,-0.042
7.9880,-0.019,-0.051,-0.015
7.9900,-0.046,-0.055,-0.026
7.9920,-0.050,-0.112,-0.053
7.9940,-0.087,-0.136,-0.074
7.9960,-0.096,-0.107,-0.082
7.9980,-0.086,-0.109,-0.062
8.0000,-0.035,-0.080,-0.032
8.0020,0.005,-0.066,0.017
8.0040,0.016,-0.037,0.050
8.0060,0.037,-0.059,0.023
8.0080,0.008,-0.054,0.003
8.0100,-0.035,-0.062,-0.015
8.0120,-0.044,-0.103,-0.034
8.0140,-0.021,-0.108,-0.003
8.0160,-0.006,-0.105,0.026
8.0180,0.056,-0.063,0.053
8.0200,0.073,-0.003,0.097
8.0220,0.078,-0.033,0.095
8.0240,0.071,-0.044,0.071
8.0260,0.063,-0.058,0.068
8.0280,0.032,-0.067,0.055
8.0300,0.036,-0.086,0.073
8.0320,0.083,-0.067,0.101
8.0340,0.116,-0.029,0.129
8.0360,0.134,-0.011,0.160
8.0380,0.153,-0.001,0.182
8.0400,0.149,-0.002,0.182
8.0420,0.132,-0.031,0.166
8.0440,0.096,-0.030,0.149
8.0460,0.094,-0.057,0.146
8.0480,0.124,-0.033,0.182
8.0500,0.159,-0.029,0.200
8.0520,0.200,0.020,0.276
8.0540,0.236,0.021,0.278
8.0560,0.226,0.028,0.256
8.0580,0.213,0.008,0.255
8.0600,0.175,-0.026,0.242
8.0620,0.176,-0.011,0.221
8.0640,0.201,-0.015,0.221
8.0660,0.231,0.008,0.258
8.0680,0.250,0.034,0.312
8.0700,0.285,0.067,0.310
8.0720,0.312,0.028,0.317
8.0740,0.268,0.042,0.324
8.0760,0.234,-0.015,0.289
8.0780,0.222,-0.030,0.265
8.0800,0.225,-0.018,0.268
8.0820,0.243,0.010,0.277
8.0840,0.274,0.011,0.330
8.0860,0.281,0.042,0.339
8.0880,0.292,0.055,0.347
8.0900,0.284,0.036,0.340
8.0920,0.254,0.020,0.302
8.0940,0.221,0.024,0.268
8.0960,0.213,-0.022,0.239
8.0980,0.224,-0.024,0.276
8.1000,0.257,-0.004,0.294
8.1020,0.268,0.034,0.309
8.1040,0.281,0.037,0.309
8.1060,0.254,0.044,0.305
8.1080,0.235,0.016,0.277
8.1100,0.197,-0.025,0.236
8.1120,0.180,-0.014,0.230
8.1140,0.176,-0.043,0.216
8.1160,0.190,-0.014,0.221
8.1180,0.203,0.023,0.250
8.1200,0.217,0.042,0.251
8.1220,0.216,0.043,0.239
8.1240,0.165,0.009,0.222
8.1260,0.127,-0.016,0.156
8.1280,0.106,-0.060,0.135
8.1300,0.098,-0.045,0.137
8.1320,0.093,-0.029,0.135
8.1340,0.122,0.005,0.146
8.1360,0.137,-0.011,0.143
8.1380,0.108,0.001,0.132
8.1400,0.107,0.004,0.158
8.1420,0.071,-0.069,0.099
8.1440,0.037,-0.059,0.053
8.1460,0.039,-0.063,0.045
8.1480,0.012,-0.072,0.033
8.1500,0.036,-0.045,0.059
8.1520,0.035,-0.027,0.071
8.1540,0.066,-0.010,0.070
8.1560,0.051,-0.020,0.044
8.1580,0.017,-0.050,0.017
8.1600,0.002,-0.081,0.013
8.1620,-0.023,-0.092,-0.033
8.1640,-0.032,-0.088,-0.016
8.1660,-0.019,-0.040,0.007
8.1680,0.022,-0.039,0.019
8.1700,0.024,-0.013,0.029
8.1720,0.008,-0.026,0.027
8.1740,-0.028,-0.049,-0.006
8.1760,-0.046,-0.093,-0.020
8.1780,-0.057,-0.113,-0.038
8.1800,-0.044,-0.111,-0.048
8.1820,-0.054,-0.077,-0.076
8.1840,-0.038,-0.037,-0.030
8.1860,-0.021,-0.048,-0.003
8.1880,0.003,-0.028,0.005
8.1900,-0.043,-0.054,-0.039
8.1920,-0.046,-0.070,-0.070
8.1940,-0.070,-0.080,-0.062
8.1960,-0.085,-0.107,-0.095
8.1980,-0.082,-0.090,-0.095
8.2000,-0.046,-0.045,-0.064
8.2020,-0.025,-0.029,-0.020
8.2040,-0.024,-0.031,-0.023
8.2060,-0.003,-0.029,-0.021
8.2080,-0.056,-0.067,-0.062
8.2100,-0.071,-0.081,-0.100
8.2120,-0.126,-0.095,-0.079
8.2140,-0.076,-0.112,-0.086
8.2160,-0.051,-0.069,-0.071
8.2180,-0.039,-0.044,-0.045
8.2200,-0.014,-0.017,-0.002
8.2220,-0.016,-0.015,-0.015
8.2240,-0.052,-0.040,-0.030
8.2260,-0.067,-0.079,-0.080
8.2280,-0.105,-0.085,-0.094
8.2300,-0.104,-0.109,-0.092
8.2320,-0.064,-0.095,-0.084
8.2340,-0.037,-0.088,-0.049
8.2360,-0.033,-0.026,-0.031
8.2380,-0.028,-0.029,-0.014
8.2400,-0.042,-0.030,-0.050
8.2420,-0.054,-0.087,-0.056
8.2440,-0.100,-0.096,-0.084
8.2460,-0.093,-0.092,-0.099
8.2480,-0.075,-0.097,-0.079
8.2500,-0.058,-0.052,-0.061
8.2520,-0.017,-0.036,-0.037
8.2540,-0.020,-0.017,-0.010
8.2560,-0.027,-0.018,-0.018
8.2580,-0.062,-0.039,-0.056
8.2600,-0.066,-0.078,-0.086
8.2620,-0.103,-0.104,-0.096
8.2640,-0.084,-0.094,-0.095
8.2660,-0.065,-0.056,-0.046
8.2680,-0.047,-0.047,-0.031
8.2700,-0.023,-0.018,-0.015
8.2720,0.000,-0.022,-0.028
8.2740,-0.036,-0.039,-0.029
8.2760,-0.079,-0.079,-0.074
8.2780,-0.085,-0.110,-0.096
8.2800,-0.091,-0.083,-0.080
8.2820,-0.029,-0.059,-0.066
8.2840,-0.038,-0.062,-0.071
8.2860,-0.021,-0.012,-0.019
8.2880,0.006,0.002,-0.009
8.2900,-0.048,-0.019,-0.030
8.2920,-0.053,-0.060,-0.053
8.2940,-0.056,-0.091,-0.102
8.2960,-0.090,-0.088,-0.123
8.2980,-0.097,-0.073,-0.088
8.3000,-0.053,-0.047,-0.045
8.3020,-0.003,-0.022,-0.059
8.3040,-0.003,-0.020,-0.018
8.3060,-0.026,-0.011,-0.039
8.3080,-0.050,-0.036,-0.045
8.3100,-0.077,-0.067,-0.046
8.3120,-0.081,-0.084,-0.088
8.3140,-0.063,-0.059,-0.081
8.3160,-0.043,-0.063,-0.045
8.3180,-0.020,-0.010,-0.025
8.3200,-0.022,-0.015,-0.009
8.3220,-0.024,0.005,0.003
8.3240,-0.023,-0.014,-0.023
8.3260,-0.074,-0.062,-0.055
8.3280,-0.082,-0.059,-0.081
8.3300,-0.077,-0.075,-0.085
8.3320,-0.075,-0.072,-0.051
8.3340,-0.044,-0.036,-0.036
8.3360,-0.009,0.006,0.007
8.3380,0.004,0.009,-0.015
8.3400,-0.005,-0.030,0.000
8.3420,-0.038,-0.047,-0.040
8.3440,-0.070,-0.069,-0.083
8.3460,-0.089,-0.086,-0.074
8.3480,-0.080,-0.039,-0.075
8.3500,-0.045,-0.036,-0.039
8.3520,-0.006,-0.012,-0.017
8.3540,0.006,0.016,0.000
8.3560,-0.032,-0.012,0.004
8.3580,-0.042,-0.021,-0.026
8.3600,-0.046,-0.081,-0.074
8.3620,-0.075,-0.082,-0.089
8.3640,-0.087,-0.058,-0.067
8.3660,-0.018,-0.027,-0.042
8.3680,-0.017,-0.026,-0.025
8.3700,0.007,-0.008,0.022
8.3720,0.006,0.008,0.011
8.3740,-0.024,-0.027,-0.028
8.3760,-0.058,-0.052,-0.058
8.3780,-0.045,-0.060,-0.073
8.3800,-0.060,-0.078,-0.076
8.3820,-0.043,-0.076,-0.037
8.3840,-0.016,-0.039,-0.011
8.3860,-0.011,0.001,0.002
8.3880,0.022,-0.015,0.015
8.3900,-0.018,-0.012,0.002
8.3920,-0.033,-0.053,-0.036
8.3940,-0.082,-0.042,-0.057
8.3960,-0.095,-0.045,-0.064
8.3980,-0.054,-0.070,-0.052
8.4000,-0.040,-0.027,-0.039
8.4020,-0.026,-0.014,-0.010
8.4040,0.017,0.007,0.007
8.4060,0.027,0.024,-0.007
8.4080,-0.007,-0.029,-0.041
8.4100,-0.055,-0.055,-0.044
8.4120,-0.067,-0.078,-0.063
8.4140,-0.051,-0.048,-0.077
8.4160,-0.024,-0.076,-0.040
8.4180,-0.012,-0.013,-0.010
8.4200,0.012,0.011,0.014
8.4220,0.014,0.002,-0.003
8.4240,-0.004,-0.001,-0.027
8.4260,-0.042,-0.026,-0.034
8.4280,-0.063,-0.078,-0.080
8.4300,-0.046,-0.038,-0.065
8.4320,-0.029,-0.061,-0.047
8.4340,-0.008,0.002,-0.015
8.4360,0.031,0.012,0.013
8.4380,0.012,0.010,0.035
8.4400,0.020,-0.004,-0.018
8.4420,-0.021,-0.028,-0.017
8.4440,-0.014,-0.050,-0.083
8.4460,-0.076,-0.073,-0.045
8.4480,-0.057,-0.051,-0.073
8.4500,-0.016,-0.030,0.008
8.4520,0.012,-0.008,0.002
8.4540,0.043,0.010,0.035
8.4560,0.003,-0.003,0.024
8.4580,-0.003,-0.019,-0.019
8.4600,-0.028,-0.037,-0.046
8.4620,-0.048,-0.056,-0.067
8.4640,-0.062,-0.028,-0.042
8.4660,-0.009,-0.053,-0.031
8.4680,0.020,0.009,-0.006
8.4700,0.032,0.023,0.030
8.4720,0.027,0.032,0.012
8.4740,0.008,0.010,-0.001
8.4760,-0.023,-0.029,-0.024
8.4780,-0.033,-0.045,-0.052
8.4800,-0.039,-0.056,-0.050
8.4820,-0.027,-0.019,-0.004
8.4840,0.004,-0.017,0.007
8.4860,0.036,0.041,0.032
8.4880,0.059,0.040,0.044
8.4900,0.047,0.021,0.040
8.4920,0.028,-0.001,-0.002
8.4940,0.013,-0.022,-0.005
8.4960,-0.001,-0.010,-0.010
8.4980,0.045,0.030,-0.016
8.5000,0.061,0.038,0.060
8.5020,0.095,0.049,0.090
8.5040,0.128,0.080,0.082
8.5060,0.101,0.076,0.075
8.5080,0.097,0.035,0.072
8.5100,0.098,0.007,0.029
8.5120,0.058,0.010,0.052
8.5140,0.105,0.029,0.041
8.5160,0.139,0.027,0.094
8.5180,0.151,0.069,0.097
8.5200,0.181,0.105,0.127
8.5220,0.191,0.098,0.143
8.5240,0.151,0.094,0.103
8.5260,0.137,0.030,0.080
8.5280,0.095,0.053,0.067
8.5300,0.091,0.003,0.043
8.5320,0.101,0.014,0.050
8.5340,0.138,0.064,0.073
8.5360,0.165,0.072,0.117
8.5380,0.146,0.087,0.115
8.5400,0.109,0.067,0.102
8.5420,0.074,0.033,0.052
8.5440,0.058,-0.004,0.006
8.5460,0.057,-0.002,-0.019
8.5480,0.044,-0.002,0.050
8.5500,0.054,0.039,0.044
8.5520,0.087,0.047,0.062
8.5540,0.081,0.047,0.072
8.5560,0.064,0.027,0.038
8.5580,0.025,0.017,0.016
8.5600,0.020,-0.027,0.015
8.5620,-0.048,-0.046,-0.017
8.5640,-0.006,-0.019,-0.031
8.5660,0.000,-0.024,-0.015
8.5680,0.027,0.042,0.021
8.5700,0.069,0.045,0.041
8.5720,0.036,0.040,0.067
8.5740,0.014,0.006,0.018
8.5760,-0.010,-0.002,-0.024
8.5780,-0.026,-0.033,-0.033
8.5800,-0.039,-0.043,-0.031
8.5820,-0.034,-0.014,-0.031
8.5840,0.004,-0.007,0.019
8.5860,0.053,0.018,0.052
8.5880,0.044,0.030,0.045
8.5900,0.033,0.032,0.018
8.5920,-0.004,-0.001,-0.007
8.5940,-0.034,-0.014,-0.046
8.5960,-0.015,-0.046,-0.037
8.5980,-0.024,-0.015,-0.018
8.6000,0.000,0.004,-0.005
8.6020,0.046,0.022,0.057
8.6040,0.038,0.051,0.056
8.6060,0.030,0.037,0.016
8.6080,0.012,0.004,-0.009
8.6100,-0.016,-0.016,-0.028
8.6120,-0.029,-0.033,-0.013
8.6140,-0.001,-0.028,-0.015
8.6160,0.002,-0.007,0.018
8.6180,-0.001,0.012,0.028
8.6200,0.051,0.048,0.044
8.6220,0.046,0.036,0.030
8.6240,0.025,0.012,0.028
8.6260,-0.002,-0.008,-0.007
8.6280,-0.027,-0.017,-0.029
8.6300,-0.029,-0.025,-0.010
8.6320,-0.004,-0.015,-0.013
8.6340,0.009,0.014,0.031
8.6360,0.025,0.053,0.015
8.6380,0.072,0.023,0.065
8.6400,0.003,0.046,0.002
8.6420,-0.026,-0.014,-0.026
8.6440,-0.083,-0.034,-0.064
8.6460,-0.084,-0.031,-0.103
8.6480,-0.092,0.015,-0.084
8.6500,-0.059,0.040,-0.057
8.6520,-0.004,0.060,-0.035
8.6540,0.028,0.074,0.009
8.6560,0.065,0.048,0.065
8.6580,0.079,0.060,0.120
8.6600,0.186,0.041,0.222
8.6620,0.249,0.046,0.340
8.6640,0.425,0.092,0.505
8.6660,0.598,0.141,0.727
8.6680,0.786,0.221,0.927
8.6700,0.952,0.241,1.164
8.6720,1.111,0.294,1.357
8.6740,1.204,0.284,1.495
8.6760,1.262,0.268,1.554
8.6780,1.268,0.246,1.586
8.6800,1.221,0.195,1.548
8.6820,1.201,0.171,1.456
8.6840,1.092,0.109,1.338
8.6860,0.953,0.012,1.174
8.6880,0.777,-0.120,0.948
8.6900,0.586,-0.290,0.727
8.6920,0.362,-0.493,0.446
8.6940,0.157,-0.671,0.238
8.6960,0.043,-0.824,0.067
8.6980,-0.049,-0.921,-0.063
8.7000,-0.105,-0.926,-0.130
8.7020,-0.133,-0.918,-0.151
8.7040,-0.123,-0.871,-0.150
8.7060,-0.147,-0.786,-0.172
8.7080,-0.150,-0.708,-0.183
8.7100,-0.149,-0.598,-0.154
8.7120,-0.116,-0.481,-0.144
8.7140,-0.097,-0.367,-0.097
8.7160,-0.050,-0.222,-0.047
8.7180,0.028,-0.124,0.023
8.7200,0.042,-0.044,0.046
8.7220,0.050,-0.008,0.035
8.7240,0.027,0.040,0.036
8.7260,0.000,-0.016,-0.001
8.7280,-0.038,-0.045,-0.018
8.7300,-0.001,-0.035,-0.029
8.7320,0.013,0.015,0.004
8.7340,0.035,0.053,0.044
8.7360,0.060,0.053,0.061
8.7380,0.077,0.083,0.055
8.7400,0.034,0.061,0.034
8.7420,0.017,0.022,0.049
8.7440,-0.015,-0.005,0.003
8.7460,0.011,-0.008,-0.020
8.7480,0.013,0.013,0.008
8.7500,0.004,0.035,0.057
8.7520,0.040,0.050,0.066
8.7540,0.070,0.069,0.038
8.7560,0.057,0.086,0.094
8.7580,0.021,0.040,0.015
8.7600,0.032,0.019,0.007
8.7620,-0.003,0.000,-0.020
8.7640,0.005,0.002,-0.009
8.7660,0.016,0.024,0.028
8.7680,0.062,0.063,0.029
8.7700,0.068,0.080,0.072
8.7720,0.068,0.073,0.086
8.7740,0.058,0.041,0.041
8.7760,0.002,0.025,0.006
8.7780,0.020,-0.002,0.000
8.7800,0.002,-0.006,-0.004
8.7820,0.035,0.049,0.013
8.7840,0.037,0.028,0.036
8.7860,0.063,0.082,0.081
8.7880,0.067,0.067,0.089
8.7900,0.069,0.063,0.054
8.7920,0.040,0.064,0.029
8.7940,0.009,-0.003,0.017
8.7960,-0.006,-0.009,-0.004
8.7980,0.005,0.013,0.024
8.8000,0.049,0.031,0.069
8.8020,0.073,0.080,0.080
8.8040,0.085,0.076,0.080
8.8060,0.104,0.082,0.093
8.8080,0.061,0.033,0.062
8.8100,0.051,0.000,0.037
8.8120,0.016,0.004,0.031
8.8140,0.034,-0.006,0.043
8.8160,0.057,0.056,0.062
8.8180,0.070,0.050,0.094
8.8200,0.129,0.076,0.142
8.8220,0.112,0.093,0.134
8.8240,0.105,0.061,0.112
8.8260,0.062,0.021,0.079
8.8280,0.052,0.044,0.049
8.8300,0.046,0.007,0.078
8.8320,0.095,0.037,0.090
8.8340,0.119,0.068,0.117
8.8360,0.149,0.105,0.151
8.8380,0.172,0.109,0.155
8.8400,0.160,0.080,0.170
8.8420,0.133,0.059,0.145
8.8440,0.088,0.037,0.121
8.8460,0.095,0.042,0.117
8.8480,0.111,0.034,0.130
8.8500,0.167,0.102,0.149
8.8520,0.196,0.098,0.194
8.8540,0.198,0.122,0.224
8.8560,0.212,0.102,0.223
8.8580,0.179,0.077,0.221
8.8600,0.177,0.056,0.209
8.8620,0.151,0.042,0.192
8.8640,0.192,0.057,0.227
8.8660,0.223,0.077,0.235
8.8680,0.280,0.130,0.283
8.8700,0.296,0.134,0.314
8.8720,0.289,0.133,0.337
8.8740,0.292,0.121,0.314
8.8760,0.245,0.111,0.296
8.8780,0.239,0.083,0.264
8.8800,0.262,0.080,0.282
8.8820,0.260,0.086,0.336
8.8840,0.324,0.122,0.337
8.8860,0.345,0.147,0.412
8.8880,0.373,0.186,0.418
8.8900,0.351,0.163,0.396
8.8920,0.349,0.120,0.376
8.8940,0.325,0.101,0.392
8.8960,0.340,0.091,0.385
8.8980,0.343,0.105,0.387
8.9000,0.367,0.150,0.424
8.9020,0.406,0.170,0.448
8.9040,0.411,0.213,0.476
8.9060,0.427,0.195,0.462
8.9080,0.407,0.171,0.448
8.9100,0.404,0.136,0.446
8.9120,0.354,0.108,0.410
8.9140,0.366,0.127,0.406
8.9160,0.387,0.140,0.427
8.9180,0.426,0.193,0.475
8.9200,0.447,0.197,0.483
8.9220,0.439,0.194,0.492
8.9240,0.429,0.170,0.446
8.9260,0.377,0.160,0.442
8.9280,0.372,0.099,0.396
8.9300,0.361,0.136,0.403
8.9320,0.369,0.129,0.413
8.9340,0.390,0.143,0.461
8.9360,0.441,0.173,0.460
8.9380,0.402,0.166,0.480
8.9400,0.393,0.177,0.441
8.9420,0.345,0.126,0.415
8.9440,0.343,0.113,0.361
8.9460,0.315,0.113,0.350
8.9480,0.301,0.102,0.364
8.9500,0.334,0.132,0.378
8.9520,0.350,0.145,0.391
8.9540,0.345,0.166,0.383
8.9560,0.342,0.190,0.366
8.9580,0.303,0.140,0.345
8.9600,0.263,0.097,0.309
8.9620,0.235,0.074,0.259
8.9640,0.237,0.084,0.252
8.9660,0.249,0.108,0.264
8.9680,0.267,0.128,0.303
8.9700,0.269,0.156,0.291
8.9720,0.286,0.134,0.300
8.9740,0.223,0.110,0.265
8.9760,0.203,0.094,0.212
8.9780,0.164,0.052,0.207
8.9800,0.179,0.071,0.159
8.9820,0.158,0.078,0.206
8.9840,0.181,0.084,0.211
8.9860,0.195,0.129,0.197
8.9880,0.209,0.111,0.239
8.9900,0.166,0.122,0.208
8.9920,0.142,0.081,0.155
8.9940,0.090,0.078,0.116
8.9960,0.103,0.058,0.093
8.9980,0.101,0.044,0.147
9.0000,0.112,0.059,0.128
9.0020,0.165,0.100,0.145
9.0040,0.144,0.106,0.171
9.0060,0.156,0.132,0.134
9.0080,0.108,0.083,0.111
9.0100,0.103,0.065,0.102
9.0120,0.074,0.034,0.076
9.0140,0.055,0.040,0.068
9.0160,0.077,0.065,0.093
9.0180,0.122,0.107,0.113
9.0200,0.127,0.116,0.134
9.0220,0.124,0.097,0.121
9.0240,0.118,0.107,0.099
9.0260,0.062,0.054,0.067
9.0280,0.049,0.030,0.042
9.0300,0.056,0.000,0.059
9.0320,0.072,0.060,0.073
9.0340,0.088,0.082,0.081
9.0360,0.109,0.106,0.100
9.0380,0.096,0.105,0.117
9.0400,0.088,0.087,0.128
9.0420,0.075,0.061,0.060
9.0440,0.043,0.045,0.044
9.0460,0.036,0.038,0.037
9.0480,0.060,0.041,0.046
9.0500,0.060,0.082,0.069
9.0520,0.098,0.097,0.115
9.0540,0.115,0.105,0.119
9.0560,0.095,0.104,0.114
9.0580,0.095,0.060,0.085
9.0600,0.060,0.050,0.060
9.0620,0.037,0.013,0.053
9.0640,0.060,0.025,0.055
9.0660,0.045,0.037,0.091
9.0680,0.092,0.089,0.107
9.0700,0.115,0.129,0.103
9.0720,0.098,0.107,0.119
9.0740,0.091,0.094,0.096
9.0760,0.045,0.086,0.081
9.0780,0.045,0.041,0.025
9.0800,0.047,0.025,0.042
9.0820,0.057,0.046,0.046
9.0840,0.061,0.083,0.089
9.0860,0.095,0.099,0.104
9.0880,0.119,0.106,0.118
9.0900,0.097,0.109,0.080
9.0920,0.036,0.081,0.078
9.0940,0.058,0.023,0.045
9.0960,0.036,0.024,0.036
9.0980,0.037,0.041,0.070
9.1000,0.086,0.081,0.070
9.1020,0.094,0.115,0.106
9.1040,0.106,0.147,0.116
9.1060,0.110,0.100,0.108
9.1080,0.101,0.075,0.107
9.1100,0.071,0.059,0.052
9.1120,0.040,0.028,0.029
9.1140,0.047,0.040,0.064
9.1160,0.075,0.061,0.062
9.1180,0.080,0.064,0.076
9.1200,0.122,0.115,0.105
9.1220,0.103,0.110,0.097
9.1240,0.095,0.106,0.069
9.1260,0.059,0.062,0.057
9.1280,0.046,0.025,0.040
9.1300,0.040,0.036,0.053
9.1320,0.021,0.033,0.065
9.1340,0.089,0.072,0.094
9.1360,0.119,0.119,0.100
9.1380,0.122,0.114,0.127
9.1400,0.100,0.112,0.118
9.1420,0.092,0.049,0.077
9.1440,0.051,0.044,0.052
9.1460,0.043,0.032,0.023
9.1480,0.063,0.062,0.063
9.1500,0.083,0.086,0.100
9.1520,0.095,0.114,0.110
9.1540,0.089,0.137,0.111
9.1560,0.104,0.105,0.108
9.1580,0.093,0.100,0.079
9.1600,0.051,0.043,0.051
9.1620,0.050,0.027,0.048
9.1640,0.047,0.055,0.049
9.1660,0.085,0.052,0.082
9.1680,0.095,0.106,0.103
9.1700,0.123,0.119,0.108
9.1720,0.122,0.129,0.110
9.1740,0.113,0.094,0.088
9.1760,0.045,0.066,0.063
9.1780,0.039,0.050,0.066
9.1800,0.053,0.035,0.066
9.1820,0.080,0.053,0.071
9.1840,0.094,0.096,0.092
9.1860,0.111,0.114,0.098
9.1880,0.129,0.116,0.123
9.1900,0.115,0.104,0.095
9.1920,0.072,0.096,0.096
9.1940,0.055,0.045,0.031
9.1960,0.056,0.036,0.046
9.1980,0.077,0.034,0.044
9.2000,0.091,0.081,0.082
9.2020,0.110,0.117,0.117
9.2040,0.121,0.132,0.134
9.2060,0.120,0.114,0.112
9.2080,0.086,0.099,0.097
9.2100,0.061,0.068,0.051
9.2120,0.031,0.057,0.046
9.2140,0.065,0.061,0.061
9.2160,0.059,0.092,0.077
9.2180,0.097,0.100,0.096
9.2200,0.122,0.105,0.118
9.2220,0.143,0.127,0.132
9.2240,0.093,0.108,0.085
9.2260,0.061,0.088,0.057
9.2280,0.041,0.063,0.055
9.2300,0.066,0.069,0.040
9.2320,0.031,0.072,0.047
9.2340,0.082,0.097,0.110
9.2360,0.151,0.101,0.105
9.2380,0.131,0.127,0.121
9.2400,0.095,0.101,0.100
9.2420,0.079,0.082,0.076
9.2440,0.055,0.054,0.043
9.2460,0.055,0.050,0.053
9.2480,0.079,0.056,0.059
9.2500,0.090,0.096,0.097
9.2520,0.106,0.080,0.105
9.2540,0.134,0.127,0.151
9.2560,0.108,0.130,0.093
9.2580,0.078,0.113,0.071
9.2600,0.041,0.071,0.083
9.2620,0.027,0.066,0.052
9.2640,0.041,0.054,0.056
9.2660,0.062,0.076,0.081
9.2680,0.109,0.111,0.112
9.2700,0.110,0.124,0.128
9.2720,0.084,0.113,0.111
9.2740,0.088,0.095,0.111
9.2760,0.066,0.058,0.079
9.2780,0.043,0.056,0.067
9.2800,0.067,0.048,0.069
9.2820,0.060,0.063,0.071
9.2840,0.107,0.090,0.082
9.2860,0.120,0.126,0.142
9.2880,0.126,0.135,0.114
9.2900,0.100,0.097,0.114
9.2920,0.081,0.066,0.079
9.2940,0.047,0.068,0.051
9.2960,0.049,0.031,0.056
9.2980,0.057,0.066,0.063
9.3000,0.076,0.107,0.093
9.3020,0.127,0.134,0.105
9.3040,0.133,0.136,0.125
9.3060,0.113,0.127,0.109
9.3080,0.095,0.120,0.091
9.3100,0.064,0.037,0.063
9.3120,0.039,0.043,0.071
9.3140,0.057,0.065,0.052
9.3160,0.073,0.075,0.054
9.3180,0.099,0.124,0.126
9.3200,0.111,0.128,0.134
9.3220,0.126,0.128,0.126
9.3240,0.117,0.103,0.102
9.3260,0.074,0.072,0.068
9.3280,0.094,0.051,0.083
9.3300,0.076,0.060,0.061
9.3320,0.103,0.068,0.060
9.3340,0.130,0.120,0.117
9.3360,0.171,0.143,0.155
9.3380,0.151,0.156,0.151
9.3400,0.120,0.116,0.127
9.3420,0.123,0.084,0.102
9.3440,0.117,0.082,0.082
9.3460,0.111,0.112,0.107
9.3480,0.133,0.108,0.106
9.3500,0.182,0.118,0.120
9.3520,0.207,0.162,0.178
9.3540,0.234,0.182,0.194
9.3560,0.213,0.152,0.184
9.3580,0.194,0.163,0.157
9.3600,0.206,0.120,0.134
9.3620,0.180,0.109,0.149
9.3640,0.183,0.119,0.149
9.3660,0.213,0.159,0.179
9.3680,0.246,0.167,0.208
9.3700,0.267,0.176,0.230
9.3720,0.260,0.199,0.220
9.3740,0.236,0.150,0.202
9.3760,0.221,0.140,0.188
9.3780,0.192,0.135,0.167
9.3800,0.206,0.124,0.131
9.3820,0.210,0.146,0.158
9.3840,0.232,0.167,0.196
9.3860,0.236,0.209,0.227
9.3880,0.241,0.175,0.226
9.3900,0.222,0.167,0.174
9.3920,0.189,0.124,0.164
9.3940,0.145,0.111,0.117
9.3960,0.141,0.085,0.114
9.3980,0.132,0.115,0.118
9.4000,0.160,0.112,0.115
9.4020,0.164,0.159,0.159
9.4040,0.153,0.158,0.172
9.4060,0.163,0.138,0.146
9.4080,0.136,0.117,0.114
9.4100,0.101,0.082,0.066
9.4120,0.078,0.065,0.074
9.4140,0.071,0.062,0.071
9.4160,0.085,0.079,0.079
9.4180,0.128,0.111,0.113
9.4200,0.143,0.112,0.136
9.4220,0.127,0.140,0.125
9.4240,0.124,0.093,0.109
9.4260,0.069,0.075,0.057
9.4280,0.050,0.063,0.072
9.4300,0.074,0.063,0.054
9.4320,0.083,0.050,0.059
9.4340,0.097,0.100,0.072
9.4360,0.128,0.130,0.137
9.4380,0.132,0.130,0.137
9.4400,0.081,0.130,0.117
9.4420,0.075,0.075,0.096
9.4440,0.059,0.035,0.070
9.4460,0.046,0.060,0.053
9.4480,0.066,0.056,0.060
9.4500,0.104,0.069,0.085
9.4520,0.114,0.116,0.123
9.4540,0.117,0.145,0.147
9.4560,0.125,0.106,0.120
9.4580,0.091,0.123,0.113
9.4600,0.065,0.057,0.071
9.4620,0.047,0.052,0.055
9.4640,0.083,0.042,0.085
9.4660,0.053,0.081,0.100
9.4680,0.105,0.108,0.129
9.4700,0.128,0.110,0.119
9.4720,0.117,0.160,0.152
9.4740,0.115,0.099,0.104
9.4760,0.085,0.069,0.072
9.4780,0.053,0.065,0.027
9.4800,0.047,0.074,0.054
9.4820,0.066,0.084,0.054
9.4840,0.093,0.085,0.098
9.4860,0.113,0.126,0.098
9.4880,0.110,0.107,0.131
9.4900,0.091,0.124,0.090
9.4920,0.057,0.066,0.069
9.4940,-0.004,0.050,-0.011
9.4960,-0.023,0.052,-0.003
9.4980,-0.026,0.071,-0.040
9.5000,0.033,0.092,0.012
9.5020,0.064,0.145,0.044
9.5040,0.108,0.155,0.093
9.5060,0.123,0.154,0.142
9.5080,0.206,0.120,0.197
9.5100,0.244,0.145,0.280
9.5120,0.355,0.123,0.420
9.5140,0.509,0.188,0.604
9.5160,0.667,0.248,0.832
9.5180,0.866,0.294,1.053
9.5200,1.056,0.353,1.282
9.5220,1.233,0.331,1.429
9.5240,1.297,0.365,1.563
9.5260,1.358,0.357,1.640
9.5280,1.356,0.321,1.643
9.5300,1.313,0.258,1.589
9.5320,1.232,0.225,1.527
9.5340,1.157,0.137,1.380
9.5360,0.988,0.078,1.202
9.5380,0.848,-0.087,0.999
9.5400,0.628,-0.228,0.749
9.5420,0.387,-0.423,0.494
9.5440,0.229,-0.629,0.272
9.5460,0.098,-0.763,0.094
9.5480,-0.003,-0.860,-0.011
9.5500,-0.035,-0.879,-0.053
9.5520,-0.067,-0.868,-0.086
9.5540,-0.075,-0.784,-0.083
9.5560,-0.064,-0.728,-0.092
9.5580,-0.069,-0.637,-0.109
9.5600,-0.076,-0.513,-0.119
9.5620,-0.044,-0.400,-0.091
9.5640,-0.036,-0.271,-0.050
9.5660,0.025,-0.160,0.001
9.5680,0.070,-0.024,0.074
9.5700,0.083,0.031,0.109
9.5720,0.094,0.068,0.133
9.5740,0.094,0.071,0.083
9.5760,0.092,0.067,0.087
9.5780,0.056,0.049,0.068
9.5800,0.028,0.050,0.046
9.5820,0.031,0.075,0.073
9.5840,0.106,0.075,0.112
9.5860,0.120,0.099,0.121
9.5880,0.140,0.126,0.125
9.5900,0.100,0.108,0.103
9.5920,0.087,0.089,0.054
9.5940,0.067,0.057,0.057
9.5960,0.042,0.054,0.039
9.5980,0.055,0.045,0.047
9.6000,0.088,0.087,0.092
9.6020,0.121,0.098,0.097
9.6040,0.127,0.131,0.137
9.6060,0.130,0.095,0.124
9.6080,0.087,0.096,0.088
9.6100,0.048,0.046,0.063
9.6120,0.072,0.043,0.034
9.6140,0.046,0.064,0.063
9.6160,0.071,0.079,0.080
9.6180,0.106,0.086,0.110
9.6200,0.127,0.116,0.132
9.6220,0.119,0.105,0.117
9.6240,0.103,0.081,0.085
9.6260,0.073,0.073,0.085
9.6280,0.054,0.057,0.061
9.6300,0.023,0.054,0.045
9.6320,0.093,0.074,0.075
9.6340,0.098,0.096,0.115
9.6360,0.131,0.117,0.138
9.6380,0.113,0.113,0.124
9.6400,0.109,0.105,0.098
9.6420,0.079,0.066,0.072
9.6440,0.080,0.046,0.060
9.6460,0.047,0.048,0.073
9.6480,0.077,0.059,0.060
9.6500,0.088,0.125,0.091
9.6520,0.119,0.099,0.119
9.6540,0.136,0.127,0.135
9.6560,0.147,0.103,0.134
9.6580,0.085,0.090,0.095
9.6600,0.065,0.062,0.097
9.6620,0.044,0.061,0.069
9.6640,0.062,0.052,0.108
9.6660,0.092,0.079,0.091
9.6680,0.114,0.106,0.157
9.6700,0.146,0.114,0.177
9.6720,0.132,0.122,0.157
9.6740,0.126,0.105,0.140
9.6760,0.127,0.082,0.108
9.6780,0.100,0.067,0.091
9.6800,0.100,0.057,0.105
9.6820,0.109,0.077,0.130
9.6840,0.137,0.090,0.145
9.6860,0.171,0.142,0.222
9.6880,0.195,0.134,0.203
9.6900,0.196,0.137,0.198
9.6920,0.174,0.117,0.168
9.6940,0.151,0.075,0.154
9.6960,0.132,0.058,0.151
9.6980,0.161,0.084,0.176
9.7000,0.192,0.118,0.212
9.7020,0.228,0.140,0.258
9.7040,0.275,0.151,0.272
9.7060,0.229,0.158,0.278
9.7080,0.230,0.134,0.253
9.7100,0.227,0.097,0.237
9.7120,0.188,0.068,0.226
9.7140,0.212,0.102,0.257
9.7160,0.246,0.113,0.283
9.7180,0.288,0.157,0.317
9.7200,0.300,0.177,0.346
9.7220,0.334,0.153,0.355
9.7240,0.322,0.158,0.346
9.7260,0.300,0.136,0.326
9.7280,0.271,0.119,0.309
9.7300,0.290,0.113,0.334
9.7320,0.306,0.109,0.363
9.7340,0.351,0.180,0.414
9.7360,0.413,0.196,0.419
9.7380,0.402,0.184,0.449
9.7400,0.379,0.176,0.412
9.7420,0.374,0.161,0.424
9.7440,0.337,0.143,0.379
9.7460,0.336,0.121,0.384
9.7480,0.357,0.151,0.419
9.7500,0.397,0.149,0.441
9.7520,0.446,0.187,0.473
9.7540,0.459,0.188,0.494
9.7560,0.453,0.194,0.504
9.7580,0.411,0.198,0.462
9.7600,0.392,0.177,0.447
9.7620,0.388,0.139,0.430
9.7640,0.384,0.135,0.451
9.7660,0.413,0.164,0.476
9.7680,0.451,0.201,0.473
9.7700,0.459,0.195,0.526
9.7720,0.463,0.205,0.502
9.7740,0.456,0.206,0.489
9.7760,0.402,0.146,0.442
9.7780,0.394,0.127,0.432
9.7800,0.380,0.133,0.452
9.7820,0.370,0.154,0.436
9.7840,0.398,0.171,0.453
9.7860,0.419,0.201,0.473
9.7880,0.418,0.211,0.456
9.7900,0.405,0.209,0.467
9.7920,0.378,0.153,0.417
9.7940,0.352,0.126,0.366
9.7960,0.323,0.134,0.348
9.7980,0.318,0.119,0.363
9.8000,0.317,0.134,0.392
9.8020,0.361,0.178,0.384
9.8040,0.364,0.197,0.413
9.8060,0.348,0.177,0.379
9.8080,0.335,0.143,0.332
9.8100,0.287,0.095,0.298
9.8120,0.256,0.093,0.298
9.8140,0.231,0.111,0.255
9.8160,0.251,0.103,0.276
9.8180,0.275,0.141,0.314
9.8200,0.277,0.155,0.314
9.8220,0.281,0.147,0.289
9.8240,0.248,0.134,0.278
9.8260,0.193,0.104,0.239
9.8280,0.190,0.080,0.200
9.8300,0.166,0.058,0.177
9.8320,0.155,0.067,0.188
9.8340,0.196,0.116,0.217
9.8360,0.216,0.129,0.213
9.8380,0.222,0.160,0.241
9.8400,0.184,0.143,0.222
9.8420,0.162,0.113,0.162
9.8440,0.122,0.050,0.136
9.8460,0.089,0.057,0.130
9.8480,0.094,0.072,0.145
9.8500,0.146,0.096,0.161
9.8520,0.169,0.108,0.143
9.8540,0.166,0.139,0.167
9.8560,0.167,0.113,0.162
9.8580,0.131,0.087,0.119
9.8600,0.094,0.037,0.113
9.8620,0.055,0.046,0.091
9.8640,0.089,0.040,0.063
9.8660,0.095,0.071,0.091
9.8680,0.110,0.096,0.109
9.8700,0.122,0.114,0.131
9.8720,0.128,0.108,0.126
9.8740,0.081,0.096,0.116
9.8760,0.078,0.054,0.062
9.8780,0.034,0.016,0.017
9.8800,0.046,0.038,0.025
9.8820,0.053,0.040,0.049
9.8840,0.083,0.062,0.080
9.8860,0.100,0.089,0.113
9.8880,0.111,0.109,0.101
9.8900,0.118,0.088,0.082
9.8920,0.083,0.035,0.056
9.8940,0.043,0.030,0.027
9.8960,0.029,0.039,0.023
9.8980,0.051,0.031,0.034
9.9000,0.081,0.062,0.076
9.9020,0.084,0.103,0.082
9.9040,0.105,0.112,0.102
9.9060,0.074,0.106,0.090
9.9080,0.083,0.034,0.079
9.9100,0.065,0.059,0.039
9.9120,0.025,0.030,0.037
9.9140,0.003,0.057,0.015
9.9160,0.059,0.042,0.052
9.9180,0.070,0.059,0.074
9.9200,0.091,0.099,0.085
9.9220,0.105,0.093,0.096
9.9240,0.078,0.082,0.096
9.9260,0.039,0.058,0.035
9.9280,0.016,0.022,0.022
9.9300,0.023,0.018,0.006
9.9320,0.035,0.046,0.022
9.9340,0.055,0.065,0.059
9.9360,0.088,0.088,0.087
9.9380,0.101,0.110,0.093
9.9400,0.079,0.096,0.079
9.9420,0.036,0.065,0.033
9.9440,0.038,0.024,0.019
9.9460,-0.016,-0.009,0.023
9.9480,0.024,0.027,0.013
9.9500,0.049,0.047,0.052
9.9520,0.085,0.082,0.087
9.9540,0.102,0.088,0.086
9.9560,0.100,0.086,0.090
9.9580,0.052,0.048,0.042
9.9600,0.039,0.016,0.042
9.9620,0.018,0.030,0.020
9.9640,0.000,0.009,0.021
9.9660,0.067,0.044,0.058
9.9680,0.056,0.085,0.069
9.9700,0.097,0.103,0.084
9.9720,0.094,0.099,0.106
9.9740,0.071,0.071,0.090
9.9760,0.032,0.047,0.030
9.9780,0.026,0.033,0.015
9.9800,-0.004,0.019,0.027
9.9820,0.032,0.011,0.032
9.9840,0.055,0.055,0.069
9.9860,0.077,0.094,0.095
9.9880,0.096,0.083,0.084
9.9900,0.087,0.094,0.079
9.9920,0.041,0.045,0.046
9.9940,0.029,0.021,0.005
9.9960,0.011,0.024,-0.002
9.9980,0.012,0.020,0.015
